Date,Stock,Close
2020-01-02,AAPL,72.53851318359375
2020-01-03,AAPL,71.83329010009766
2020-01-06,AAPL,72.40570068359375
2020-01-07,AAPL,72.06514739990234
2020-01-08,AAPL,73.22442626953125
2020-01-09,AAPL,74.77975463867188
2020-01-10,AAPL,74.94881439208984
2020-01-13,AAPL,76.5500717163086
2020-01-14,AAPL,75.51636505126953
2020-01-15,AAPL,75.19273376464844
2020-01-16,AAPL,76.13465881347656
2020-01-17,AAPL,76.97752380371094
2020-01-21,AAPL,76.45585632324219
2020-01-22,AAPL,76.72876739501953
2020-01-23,AAPL,77.09829711914062
2020-01-24,AAPL,76.8760986328125
2020-01-27,AAPL,74.61553955078125
2020-01-28,AAPL,76.72634887695312
2020-01-29,AAPL,78.33240509033203
2020-01-30,AAPL,78.2188949584961
2020-01-31,AAPL,74.75078582763672
2020-02-03,AAPL,74.54548645019531
2020-02-04,AAPL,77.0064926147461
2020-02-05,AAPL,77.63442993164062
2020-02-06,AAPL,78.5425033569336
2020-02-07,AAPL,77.47492980957031
2020-02-10,AAPL,77.8429183959961
2020-02-11,AAPL,77.37326049804688
2020-02-12,AAPL,79.21070861816406
2020-02-13,AAPL,78.64662170410156
2020-02-14,AAPL,78.66600036621094
2020-02-18,AAPL,77.22557067871094
2020-02-19,AAPL,78.34400939941406
2020-02-20,AAPL,77.54027557373047
2020-02-21,AAPL,75.78515625
2020-02-24,AAPL,72.18534088134766
2020-02-25,AAPL,69.7402572631836
2020-02-26,AAPL,70.84661865234375
2020-02-27,AAPL,66.2154769897461
2020-02-28,AAPL,66.17675018310547
2020-03-02,AAPL,72.33784484863281
2020-03-03,AAPL,70.04043579101562
2020-03-04,AAPL,73.28924560546875
2020-03-05,AAPL,70.91195678710938
2020-03-06,AAPL,69.97026062011719
2020-03-09,AAPL,64.43616485595703
2020-03-10,AAPL,69.07695007324219
2020-03-11,AAPL,66.6778793334961
2020-03-12,AAPL,60.09312438964844
2020-03-13,AAPL,67.29277801513672
2020-03-16,AAPL,58.635772705078125
2020-03-17,AAPL,61.213993072509766
2020-03-18,AAPL,59.7154655456543
2020-03-19,AAPL,59.2579345703125
2020-03-20,AAPL,55.49590301513672
2020-03-23,AAPL,54.316932678222656
2020-03-24,AAPL,59.76630783081055
2020-03-25,AAPL,59.43707275390625
2020-03-26,AAPL,62.5648307800293
2020-03-27,AAPL,59.97449493408203
2020-03-30,AAPL,61.68605041503906
2020-03-31,AAPL,61.56016159057617
2020-04-01,AAPL,58.321041107177734
2020-04-02,AAPL,59.29423141479492
2020-04-03,AAPL,58.442100524902344
2020-04-06,AAPL,63.540443420410156
2020-04-07,AAPL,62.804481506347656
2020-04-08,AAPL,64.41194915771484
2020-04-09,AAPL,64.87676239013672
2020-04-13,AAPL,66.1501235961914
2020-04-14,AAPL,69.49089813232422
2020-04-15,AAPL,68.8566665649414
2020-04-16,AAPL,69.40376281738281
2020-04-17,AAPL,68.4620361328125
2020-04-20,AAPL,67.04100036621094
2020-04-21,AAPL,64.96874237060547
2020-04-22,AAPL,66.840087890625
2020-04-23,AAPL,66.58103942871094
2020-04-24,AAPL,68.50320434570312
2020-04-27,AAPL,68.55162048339844
2020-04-28,AAPL,67.44046020507812
2020-04-29,AAPL,69.65553283691406
2020-04-30,AAPL,71.12501525878906
2020-05-01,AAPL,69.97994232177734
2020-05-04,AAPL,70.9700698852539
2020-05-05,AAPL,72.0352554321289
2020-05-06,AAPL,72.77845764160156
2020-05-07,AAPL,73.53133392333984
2020-05-08,AAPL,75.28152465820312
2020-05-11,AAPL,76.46611022949219
2020-05-12,AAPL,75.59220886230469
2020-05-13,AAPL,74.67949676513672
2020-05-14,AAPL,75.13829040527344
2020-05-15,AAPL,74.6940689086914
2020-05-18,AAPL,76.45394897460938
2020-05-19,AAPL,76.01216888427734
2020-05-20,AAPL,77.49046325683594
2020-05-21,AAPL,76.91272735595703
2020-05-22,AAPL,77.40792846679688
2020-05-26,AAPL,76.88360595703125
2020-05-27,AAPL,77.21858978271484
2020-05-28,AAPL,77.25255584716797
2020-05-29,AAPL,77.17733001708984
2020-06-01,AAPL,78.12644958496094
2020-06-02,AAPL,78.48812866210938
2020-06-03,AAPL,78.9201889038086
2020-06-04,AAPL,78.24053192138672
2020-06-05,AAPL,80.46891784667969
2020-06-08,AAPL,80.9447021484375
2020-06-09,AAPL,83.50074005126953
2020-06-10,AAPL,85.64901733398438
2020-06-11,AAPL,81.53695678710938
2020-06-12,AAPL,82.24092102050781
2020-06-15,AAPL,83.25800323486328
2020-06-16,AAPL,85.46453094482422
2020-06-17,AAPL,85.3455810546875
2020-06-18,AAPL,85.37956237792969
2020-06-19,AAPL,84.89165496826172
2020-06-22,AAPL,87.11273956298828
2020-06-23,AAPL,88.97213745117188
2020-06-24,AAPL,87.40159606933594
2020-06-25,AAPL,88.5619125366211
2020-06-26,AAPL,85.84078216552734
2020-06-29,AAPL,87.8191146850586
2020-06-30,AAPL,88.55220031738281
2020-07-01,AAPL,88.38470458984375
2020-07-02,AAPL,88.38470458984375
2020-07-06,AAPL,90.74901580810547
2020-07-07,AAPL,90.46743774414062
2020-07-08,AAPL,92.57442474365234
2020-07-09,AAPL,92.97254180908203
2020-07-10,AAPL,93.1351547241211
2020-07-13,AAPL,92.70552825927734
2020-07-14,AAPL,94.2396469116211
2020-07-15,AAPL,94.88775634765625
2020-07-16,AAPL,93.72016906738281
2020-07-17,AAPL,93.53082275390625
2020-07-20,AAPL,95.50189971923828
2020-07-21,AAPL,94.18379974365234
2020-07-22,AAPL,94.4483871459961
2020-07-23,AAPL,90.14942169189453
2020-07-24,AAPL,89.92611694335938
2020-07-27,AAPL,92.0573959350586
2020-07-28,AAPL,90.54510498046875
2020-07-29,AAPL,92.28072357177734
2020-07-30,AAPL,93.39734649658203
2020-07-31,AAPL,103.17497253417969
2020-08-03,AAPL,105.77473449707031
2020-08-04,AAPL,106.48110961914062
2020-08-05,AAPL,106.86707305908203
2020-08-06,AAPL,110.59558868408203
2020-08-07,AAPL,108.08111572265625
2020-08-10,AAPL,109.65204620361328
2020-08-11,AAPL,106.39102172851562
2020-08-12,AAPL,109.92683410644531
2020-08-13,AAPL,111.87226867675781
2020-08-14,AAPL,111.77256774902344
2020-08-17,AAPL,111.48075103759766
2020-08-18,AAPL,112.4096908569336
2020-08-19,AAPL,112.55075073242188
2020-08-20,AAPL,115.04821014404297
2020-08-21,AAPL,120.9769058227539
2020-08-24,AAPL,122.423828125
2020-08-25,AAPL,121.41950225830078
2020-08-26,AAPL,123.0706787109375
2020-08-27,AAPL,121.5994644165039
2020-08-28,AAPL,121.40247344970703
2020-08-31,AAPL,125.51950073242188
2020-09-01,AAPL,130.5192413330078
2020-09-02,AAPL,127.81512451171875
2020-09-03,AAPL,117.58212280273438
2020-09-04,AAPL,117.6599349975586
2020-09-08,AAPL,109.74202728271484
2020-09-09,AAPL,114.1192398071289
2020-09-10,AAPL,110.39375305175781
2020-09-11,AAPL,108.94440460205078
2020-09-14,AAPL,112.21271514892578
2020-09-15,AAPL,112.38782501220703
2020-09-16,AAPL,109.07083892822266
2020-09-17,AAPL,107.3296890258789
2020-09-18,AAPL,103.92515563964844
2020-09-21,AAPL,107.07677459716797
2020-09-22,AAPL,108.75957489013672
2020-09-23,AAPL,104.19754028320312
2020-09-24,AAPL,105.26752471923828
2020-09-25,AAPL,109.21673583984375
2020-09-28,AAPL,111.8236312866211
2020-09-29,AAPL,110.97737884521484
2020-09-30,AAPL,112.65045166015625
2020-10-01,AAPL,113.60372161865234
2020-10-02,AAPL,109.93656158447266
2020-10-05,AAPL,113.32161712646484
2020-10-06,AAPL,110.07276916503906
2020-10-07,AAPL,111.94037628173828
2020-10-08,AAPL,111.83335876464844
2020-10-09,AAPL,113.77880096435547
2020-10-12,AAPL,121.00608825683594
2020-10-13,AAPL,117.796142578125
2020-10-14,AAPL,117.88368225097656
2020-10-15,AAPL,117.41676330566406
2020-10-16,AAPL,115.7728500366211
2020-10-19,AAPL,112.8158187866211
2020-10-20,AAPL,114.30406951904297
2020-10-21,AAPL,113.68152618408203
2020-10-22,AAPL,112.59207153320312
2020-10-23,AAPL,111.9014663696289
2020-10-26,AAPL,111.91117858886719
2020-10-27,AAPL,113.41889190673828
2020-10-28,AAPL,108.16620635986328
2020-10-29,AAPL,112.17381286621094
2020-10-30,AAPL,105.89005279541016
2020-11-02,AAPL,105.80252075195312
2020-11-03,AAPL,107.42694854736328
2020-11-04,AAPL,111.81391143798828
2020-11-05,AAPL,115.78258514404297
2020-11-06,AAPL,115.65105438232422
2020-11-09,AAPL,113.34174346923828
2020-11-10,AAPL,113.00070190429688
2020-11-11,AAPL,116.4305648803711
2020-11-12,AAPL,116.15773010253906
2020-11-13,AAPL,116.20646667480469
2020-11-16,AAPL,117.2198257446289
2020-11-17,AAPL,116.33313751220703
2020-11-18,AAPL,115.00794982910156
2020-11-19,AAPL,115.60232543945312
2020-11-20,AAPL,114.33561706542969
2020-11-23,AAPL,110.93498229980469
2020-11-24,AAPL,112.2211685180664
2020-11-25,AAPL,113.05915832519531
2020-11-27,AAPL,113.6048355102539
2020-11-30,AAPL,116.00184631347656
2020-12-01,AAPL,119.57786560058594
2020-12-02,AAPL,119.92867279052734
2020-12-03,AAPL,119.79222869873047
2020-12-04,AAPL,119.11990356445312
2020-12-07,AAPL,120.58148956298828
2020-12-08,AAPL,121.19537353515625
2020-12-09,AAPL,118.66194152832031
2020-12-10,AAPL,120.08455657958984
2020-12-11,AAPL,119.27581024169922
2020-12-14,AAPL,118.66194152832031
2020-12-15,AAPL,124.60574340820312
2020-12-16,AAPL,124.53754425048828
2020-12-17,AAPL,125.40474700927734
2020-12-18,AAPL,123.41698455810547
2020-12-21,AAPL,124.94679260253906
2020-12-22,AAPL,128.5033416748047
2020-12-23,AAPL,127.60689544677734
2020-12-24,AAPL,128.59104919433594
2020-12-28,AAPL,133.19017028808594
2020-12-29,AAPL,131.416748046875
2020-12-30,AAPL,130.29623413085938
2020-12-31,AAPL,129.29257202148438
2021-01-04,AAPL,126.0965805053711
2021-01-05,AAPL,127.65560913085938
2021-01-06,AAPL,123.35852813720703
2021-01-07,AAPL,127.56794738769531
2021-01-08,AAPL,128.6689910888672
2021-01-11,AAPL,125.67759704589844
2021-01-12,AAPL,125.50218963623047
2021-01-13,AAPL,127.5386962890625
2021-01-14,AAPL,125.60939025878906
2021-01-15,AAPL,123.88470458984375
2021-01-19,AAPL,124.55703735351562
2021-01-20,AAPL,128.64947509765625
2021-01-21,AAPL,133.36558532714844
2021-01-22,AAPL,135.50924682617188
2021-01-25,AAPL,139.26065063476562
2021-01-26,AAPL,139.4945526123047
2021-01-27,AAPL,138.4226837158203
2021-01-28,AAPL,133.5799560546875
2021-01-29,AAPL,128.58132934570312
2021-02-01,AAPL,130.7054901123047
2021-02-02,AAPL,131.5337371826172
2021-02-03,AAPL,130.51063537597656
2021-02-04,AAPL,133.87225341796875
2021-02-05,AAPL,133.45755004882812
2021-02-08,AAPL,133.60386657714844
2021-02-09,AAPL,132.72564697265625
2021-02-10,AAPL,132.12062072753906
2021-02-11,AAPL,131.86688232421875
2021-02-12,AAPL,132.10105895996094
2021-02-16,AAPL,129.97372436523438
2021-02-17,AAPL,127.68047332763672
2021-02-18,AAPL,126.57775115966797
2021-02-19,AAPL,126.7339096069336
2021-02-22,AAPL,122.95734405517578
2021-02-23,AAPL,122.82072448730469
2021-02-24,AAPL,122.32305908203125
2021-02-25,AAPL,118.06832885742188
2021-02-26,AAPL,118.33180236816406
2021-03-01,AAPL,124.70413208007812
2021-03-02,AAPL,122.09860229492188
2021-03-03,AAPL,119.11248779296875
2021-03-04,AAPL,117.22911071777344
2021-03-05,AAPL,118.48795318603516
2021-03-08,AAPL,113.55014038085938
2021-03-09,AAPL,118.16590881347656
2021-03-10,AAPL,117.08273315429688
2021-03-11,AAPL,119.01492309570312
2021-03-12,AAPL,118.10736083984375
2021-03-15,AAPL,120.99588012695312
2021-03-16,AAPL,122.5377426147461
2021-03-17,AAPL,121.7472915649414
2021-03-18,AAPL,117.61943817138672
2021-03-19,AAPL,117.09249114990234
2021-03-22,AAPL,120.4103775024414
2021-03-23,AAPL,119.5809097290039
2021-03-24,AAPL,117.19007110595703
2021-03-25,AAPL,117.67798614501953
2021-03-26,AAPL,118.28301239013672
2021-03-29,AAPL,118.45867919921875
2021-03-30,AAPL,117.00465393066406
2021-03-31,AAPL,119.20032501220703
2021-04-01,AAPL,120.02980041503906
2021-04-05,AAPL,122.85977172851562
2021-04-06,AAPL,123.16228485107422
2021-04-07,AAPL,124.81146240234375
2021-04-08,AAPL,127.21205139160156
2021-04-09,AAPL,129.78831481933594
2021-04-12,AAPL,128.07080078125
2021-04-13,AAPL,131.18377685546875
2021-04-14,AAPL,128.84176635742188
2021-04-15,AAPL,131.2520751953125
2021-04-16,AAPL,130.92031860351562
2021-04-19,AAPL,131.5839080810547
2021-04-20,AAPL,129.8956756591797
2021-04-21,AAPL,130.27622985839844
2021-04-22,AAPL,128.75392150878906
2021-04-23,AAPL,131.07644653320312
2021-04-26,AAPL,131.466796875
2021-04-27,AAPL,131.14474487304688
2021-04-28,AAPL,130.3542938232422
2021-04-29,AAPL,130.25674438476562
2021-04-30,AAPL,128.28555297851562
2021-05-03,AAPL,129.3394012451172
2021-05-04,AAPL,124.7626724243164
2021-05-05,AAPL,125.00665283203125
2021-05-06,AAPL,126.60706329345703
2021-05-07,AAPL,127.28153228759766
2021-05-10,AAPL,123.99708557128906
2021-05-11,AAPL,123.07821655273438
2021-05-12,AAPL,120.00885009765625
2021-05-13,AAPL,122.15937042236328
2021-05-14,AAPL,124.58357238769531
2021-05-17,AAPL,123.43013763427734
2021-05-18,AAPL,122.04208374023438
2021-05-19,AAPL,121.88568115234375
2021-05-20,AAPL,124.44673156738281
2021-05-21,AAPL,122.60902404785156
2021-05-24,AAPL,124.241455078125
2021-05-25,AAPL,124.04596710205078
2021-05-26,AAPL,123.99708557128906
2021-05-27,AAPL,122.46239471435547
2021-05-28,AAPL,121.80746459960938
2021-06-01,AAPL,121.48489379882812
2021-06-02,AAPL,122.24735260009766
2021-06-03,AAPL,120.76153564453125
2021-06-04,AAPL,123.05867767333984
2021-06-07,AAPL,123.0684585571289
2021-06-08,AAPL,123.88957214355469
2021-06-09,AAPL,124.27079772949219
2021-06-10,AAPL,123.27374267578125
2021-06-11,AAPL,124.48583984375
2021-06-14,AAPL,127.54541778564453
2021-06-15,AAPL,126.72432708740234
2021-06-16,AAPL,127.22285461425781
2021-06-17,AAPL,128.8260040283203
2021-06-18,AAPL,127.52589416503906
2021-06-21,AAPL,129.32447814941406
2021-06-22,AAPL,130.9667205810547
2021-06-23,AAPL,130.6929931640625
2021-06-24,AAPL,130.40953063964844
2021-06-25,AAPL,130.11631774902344
2021-06-28,AAPL,131.7487335205078
2021-06-29,AAPL,133.2638702392578
2021-06-30,AAPL,133.87974548339844
2021-07-01,AAPL,134.18275451660156
2021-07-02,AAPL,136.81222534179688
2021-07-06,AAPL,138.82589721679688
2021-07-07,AAPL,141.31854248046875
2021-07-08,AAPL,140.0184783935547
2021-07-09,AAPL,141.84642028808594
2021-07-12,AAPL,141.2501220703125
2021-07-13,AAPL,142.364501953125
2021-07-14,AAPL,145.79551696777344
2021-07-15,AAPL,145.14060974121094
2021-07-16,AAPL,143.0976104736328
2021-07-19,AAPL,139.24623107910156
2021-07-20,AAPL,142.863037109375
2021-07-21,AAPL,142.12986755371094
2021-07-22,AAPL,143.4984130859375
2021-07-23,AAPL,145.21885681152344
2021-07-26,AAPL,145.63914489746094
2021-07-27,AAPL,143.46908569335938
2021-07-28,AAPL,141.7193603515625
2021-07-29,AAPL,142.364501953125
2021-07-30,AAPL,142.5795440673828
2021-08-02,AAPL,142.2471923828125
2021-08-03,AAPL,144.04579162597656
2021-08-04,AAPL,143.64501953125
2021-08-05,AAPL,143.7525634765625
2021-08-06,AAPL,143.06729125976562
2021-08-09,AAPL,143.01832580566406
2021-08-10,AAPL,142.53863525390625
2021-08-11,AAPL,142.7931671142578
2021-08-12,AAPL,145.7594451904297
2021-08-13,AAPL,145.9650421142578
2021-08-16,AAPL,147.94256591796875
2021-08-17,AAPL,147.03211975097656
2021-08-18,AAPL,143.2826690673828
2021-08-19,AAPL,143.61549377441406
2021-08-20,AAPL,145.07418823242188
2021-08-23,AAPL,146.56224060058594
2021-08-24,AAPL,146.47412109375
2021-08-25,AAPL,145.24061584472656
2021-08-26,AAPL,144.43783569335938
2021-08-27,AAPL,145.47557067871094
2021-08-30,AAPL,149.90049743652344
2021-08-31,AAPL,148.63763427734375
2021-09-01,AAPL,149.30331420898438
2021-09-02,AAPL,150.41937255859375
2021-09-03,AAPL,151.05572509765625
2021-09-07,AAPL,153.3954620361328
2021-09-08,AAPL,151.84866333007812
2021-09-09,AAPL,150.83053588867188
2021-09-10,AAPL,145.83778381347656
2021-09-13,AAPL,146.40557861328125
2021-09-14,AAPL,145.00564575195312
2021-09-15,AAPL,145.89651489257812
2021-09-16,AAPL,145.6615447998047
2021-09-17,AAPL,142.9889373779297
2021-09-20,AAPL,139.93453979492188
2021-09-21,AAPL,140.4142608642578
2021-09-22,AAPL,142.7834014892578
2021-09-23,AAPL,143.7427520751953
2021-09-24,AAPL,143.8308868408203
2021-09-27,AAPL,142.31344604492188
2021-09-28,AAPL,138.9262237548828
2021-09-29,AAPL,139.82687377929688
2021-09-30,AAPL,138.52484130859375
2021-10-01,AAPL,139.650634765625
2021-10-04,AAPL,136.2144775390625
2021-10-05,AAPL,138.14303588867188
2021-10-06,AAPL,139.0143280029297
2021-10-07,AAPL,140.27720642089844
2021-10-08,AAPL,139.89540100097656
2021-10-11,AAPL,139.8073272705078
2021-10-12,AAPL,138.53465270996094
2021-10-13,AAPL,137.94725036621094
2021-10-14,AAPL,140.73731994628906
2021-10-15,AAPL,141.79457092285156
2021-10-18,AAPL,143.46865844726562
2021-10-19,AAPL,145.63217163085938
2021-10-20,AAPL,146.12168884277344
2021-10-21,AAPL,146.3370361328125
2021-10-22,AAPL,145.5636444091797
2021-10-25,AAPL,145.5147247314453
2021-10-26,AAPL,146.18043518066406
2021-10-27,AAPL,145.72030639648438
2021-10-28,AAPL,149.362060546875
2021-10-29,AAPL,146.65032958984375
2021-11-01,AAPL,145.8280029296875
2021-11-02,AAPL,146.86569213867188
2021-11-03,AAPL,148.30482482910156
2021-11-04,AAPL,147.7859344482422
2021-11-05,AAPL,148.3153533935547
2021-11-08,AAPL,147.49179077148438
2021-11-09,AAPL,147.85455322265625
2021-11-10,AAPL,145.0211944580078
2021-11-11,AAPL,144.97218322753906
2021-11-12,AAPL,147.05062866210938
2021-11-15,AAPL,147.0604248046875
2021-11-16,AAPL,148.04083251953125
2021-11-17,AAPL,150.4820556640625
2021-11-18,AAPL,154.7761993408203
2021-11-19,AAPL,157.4036865234375
2021-11-22,AAPL,157.86447143554688
2021-11-23,AAPL,158.24684143066406
2021-11-24,AAPL,158.76641845703125
2021-11-26,AAPL,153.7369842529297
2021-11-29,AAPL,157.09976196289062
2021-11-30,AAPL,162.0605926513672
2021-12-01,AAPL,161.54098510742188
2021-12-02,AAPL,160.55078125
2021-12-03,AAPL,158.66839599609375
2021-12-06,AAPL,162.08021545410156
2021-12-07,AAPL,167.82537841796875
2021-12-08,AAPL,171.64895629882812
2021-12-09,AAPL,171.1391143798828
2021-12-10,AAPL,175.9332733154297
2021-12-13,AAPL,172.29600524902344
2021-12-14,AAPL,170.9136505126953
2021-12-15,AAPL,175.78623962402344
2021-12-16,AAPL,168.88421630859375
2021-12-17,AAPL,167.78616333007812
2021-12-20,AAPL,166.42340087890625
2021-12-21,AAPL,169.59988403320312
2021-12-22,AAPL,172.19796752929688
2021-12-23,AAPL,172.82540893554688
2021-12-27,AAPL,176.7960662841797
2021-12-28,AAPL,175.7764434814453
2021-12-29,AAPL,175.8646697998047
2021-12-30,AAPL,174.70779418945312
2021-12-31,AAPL,174.0901641845703
2022-01-03,AAPL,178.44313049316406
2022-01-04,AAPL,176.17840576171875
2022-01-05,AAPL,171.49209594726562
2022-01-06,AAPL,168.62928771972656
2022-01-07,AAPL,168.79595947265625
2022-01-10,AAPL,168.81558227539062
2022-01-11,AAPL,171.64895629882812
2022-01-12,AAPL,172.09011840820312
2022-01-13,AAPL,168.81558227539062
2022-01-14,AAPL,169.67831420898438
2022-01-18,AAPL,166.472412109375
2022-01-19,AAPL,162.97238159179688
2022-01-20,AAPL,161.2860870361328
2022-01-21,AAPL,159.22723388671875
2022-01-24,AAPL,158.45272827148438
2022-01-25,AAPL,156.6487579345703
2022-01-26,AAPL,156.560546875
2022-01-27,AAPL,156.09976196289062
2022-01-28,AAPL,166.9919891357422
2022-01-31,AAPL,171.3548126220703
2022-02-01,AAPL,171.1881561279297
2022-02-02,AAPL,172.39404296875
2022-02-03,AAPL,169.5116424560547
2022-02-04,AAPL,169.2270050048828
2022-02-07,AAPL,168.51039123535156
2022-02-08,AAPL,171.6222381591797
2022-02-09,AAPL,173.0456085205078
2022-02-10,AAPL,168.96192932128906
2022-02-11,AAPL,165.54580688476562
2022-02-14,AAPL,165.78138732910156
2022-02-15,AAPL,169.61964416503906
2022-02-16,AAPL,169.38406372070312
2022-02-17,AAPL,165.78138732910156
2022-02-18,AAPL,164.2303924560547
2022-02-22,AAPL,161.30508422851562
2022-02-23,AAPL,157.133056640625
2022-02-24,AAPL,159.75404357910156
2022-02-25,AAPL,161.8253173828125
2022-02-28,AAPL,162.0903778076172
2022-03-01,AAPL,160.20562744140625
2022-03-02,AAPL,163.50393676757812
2022-03-03,AAPL,163.18002319335938
2022-03-04,AAPL,160.17616271972656
2022-03-07,AAPL,156.37718200683594
2022-03-08,AAPL,154.55128479003906
2022-03-09,AAPL,159.96018981933594
2022-03-10,AAPL,155.6114959716797
2022-03-11,AAPL,151.89100646972656
2022-03-14,AAPL,147.8563995361328
2022-03-15,AAPL,152.24440002441406
2022-03-16,AAPL,156.66184997558594
2022-03-17,AAPL,157.67294311523438
2022-03-18,AAPL,160.9713134765625
2022-03-21,AAPL,162.3456268310547
2022-03-22,AAPL,165.7224884033203
2022-03-23,AAPL,167.0869903564453
2022-03-24,AAPL,170.8761444091797
2022-03-25,AAPL,171.51425170898438
2022-03-28,AAPL,172.3780975341797
2022-03-29,AAPL,175.6764678955078
2022-03-30,AAPL,174.50828552246094
2022-03-31,AAPL,171.40625
2022-04-01,AAPL,171.11175537109375
2022-04-04,AAPL,175.16598510742188
2022-04-05,AAPL,171.84800720214844
2022-04-06,AAPL,168.67726135253906
2022-04-07,AAPL,168.9815673828125
2022-04-08,AAPL,166.96920776367188
2022-04-11,AAPL,162.7088165283203
2022-04-12,AAPL,164.58377075195312
2022-04-13,AAPL,167.27349853515625
2022-04-14,AAPL,162.25726318359375
2022-04-18,AAPL,162.04132080078125
2022-04-19,AAPL,164.3285369873047
2022-04-20,AAPL,164.16165161132812
2022-04-21,AAPL,163.3665313720703
2022-04-22,AAPL,158.8214569091797
2022-04-25,AAPL,159.89149475097656
2022-04-26,AAPL,153.9230499267578
2022-04-27,AAPL,153.69725036621094
2022-04-28,AAPL,160.6375274658203
2022-04-29,AAPL,154.7574462890625
2022-05-02,AAPL,155.061767578125
2022-05-03,AAPL,156.55386352539062
2022-05-04,AAPL,162.97389221191406
2022-05-05,AAPL,153.89358520507812
2022-05-06,AAPL,154.62109375
2022-05-09,AAPL,149.4893341064453
2022-05-10,AAPL,151.8979034423828
2022-05-11,AAPL,144.0233154296875
2022-05-12,AAPL,140.14993286132812
2022-05-13,AAPL,144.6230010986328
2022-05-16,AAPL,143.07955932617188
2022-05-17,AAPL,146.71697998046875
2022-05-18,AAPL,138.43934631347656
2022-05-19,AAPL,135.0279998779297
2022-05-20,AAPL,135.26394653320312
2022-05-23,AAPL,140.69064331054688
2022-05-24,AAPL,137.9871063232422
2022-05-25,AAPL,138.1444091796875
2022-05-26,AAPL,141.3493194580078
2022-05-27,AAPL,147.11024475097656
2022-05-31,AAPL,146.32376098632812
2022-06-01,AAPL,146.19595336914062
2022-06-02,AAPL,148.65370178222656
2022-06-03,AAPL,142.92222595214844
2022-06-06,AAPL,143.6693878173828
2022-06-07,AAPL,146.19595336914062
2022-06-08,AAPL,145.45863342285156
2022-06-09,AAPL,140.22857666015625
2022-06-10,AAPL,134.81170654296875
2022-06-13,AAPL,129.65048217773438
2022-06-14,AAPL,130.51559448242188
2022-06-15,AAPL,133.1404571533203
2022-06-16,AAPL,127.86121368408203
2022-06-17,AAPL,129.33587646484375
2022-06-21,AAPL,133.57301330566406
2022-06-22,AAPL,133.06179809570312
2022-06-23,AAPL,135.93246459960938
2022-06-24,AAPL,139.26515197753906
2022-06-27,AAPL,139.26515197753906
2022-06-28,AAPL,135.11648559570312
2022-06-29,AAPL,136.87625122070312
2022-06-30,AAPL,134.40863037109375
2022-07-01,AAPL,136.58126831054688
2022-07-05,AAPL,139.16680908203125
2022-07-06,AAPL,140.5038299560547
2022-07-07,AAPL,143.8758544921875
2022-07-08,AAPL,144.55418395996094
2022-07-11,AAPL,142.42088317871094
2022-07-12,AAPL,143.39413452148438
2022-07-13,AAPL,143.03038024902344
2022-07-14,AAPL,145.9600067138672
2022-07-15,AAPL,147.6312713623047
2022-07-18,AAPL,144.5836639404297
2022-07-19,AAPL,148.44725036621094
2022-07-20,AAPL,150.45277404785156
2022-07-21,AAPL,152.7237091064453
2022-07-22,AAPL,151.48501586914062
2022-07-25,AAPL,150.36427307128906
2022-07-26,AAPL,149.03709411621094
2022-07-27,AAPL,154.1393280029297
2022-07-28,AAPL,154.68992614746094
2022-07-29,AAPL,159.76266479492188
2022-08-01,AAPL,158.77955627441406
2022-08-02,AAPL,157.3048858642578
2022-08-03,AAPL,163.3214569091797
2022-08-04,AAPL,163.00686645507812
2022-08-05,AAPL,162.7804412841797
2022-08-08,AAPL,162.30789184570312
2022-08-09,AAPL,162.3571319580078
2022-08-10,AAPL,166.6099853515625
2022-08-11,AAPL,165.87164306640625
2022-08-12,AAPL,169.42555236816406
2022-08-15,AAPL,170.49859619140625
2022-08-16,AAPL,170.3411102294922
2022-08-17,AAPL,171.83746337890625
2022-08-18,AAPL,171.4436798095703
2022-08-19,AAPL,168.85455322265625
2022-08-22,AAPL,164.96592712402344
2022-08-23,AAPL,164.6312255859375
2022-08-24,AAPL,164.9265594482422
2022-08-25,AAPL,167.38772583007812
2022-08-26,AAPL,161.07733154296875
2022-08-29,AAPL,158.87213134765625
2022-08-30,AAPL,156.44049072265625
2022-08-31,AAPL,154.7767791748047
2022-09-01,AAPL,155.5052947998047
2022-09-02,AAPL,153.38868713378906
2022-09-06,AAPL,152.12857055664062
2022-09-07,AAPL,153.53636169433594
2022-09-08,AAPL,152.05967712402344
2022-09-09,AAPL,154.9244384765625
2022-09-12,AAPL,160.8902587890625
2022-09-13,AAPL,151.44932556152344
2022-09-14,AAPL,152.89645385742188
2022-09-15,AAPL,150.0021514892578
2022-09-16,AAPL,148.35806274414062
2022-09-19,AAPL,152.07936096191406
2022-09-20,AAPL,154.46173095703125
2022-09-21,AAPL,151.33114624023438
2022-09-22,AAPL,150.36639404296875
2022-09-23,AAPL,148.09230041503906
2022-09-26,AAPL,148.427001953125
2022-09-27,AAPL,149.40164184570312
2022-09-28,AAPL,147.51145935058594
2022-09-29,AAPL,140.26583862304688
2022-09-30,AAPL,136.05238342285156
2022-10-03,AAPL,140.23629760742188
2022-10-04,AAPL,143.82958984375
2022-10-05,AAPL,144.12490844726562
2022-10-06,AAPL,143.17001342773438
2022-10-07,AAPL,137.9129638671875
2022-10-10,AAPL,138.2378692626953
2022-10-11,AAPL,136.82020568847656
2022-10-12,AAPL,136.19020080566406
2022-10-13,AAPL,140.76791381835938
2022-10-14,AAPL,136.22955322265625
2022-10-17,AAPL,140.1969451904297
2022-10-18,AAPL,141.51612854003906
2022-10-19,AAPL,141.62440490722656
2022-10-20,AAPL,141.1616973876953
2022-10-21,AAPL,144.98141479492188
2022-10-24,AAPL,147.1275177001953
2022-10-25,AAPL,149.9726104736328
2022-10-26,AAPL,147.0291290283203
2022-10-27,AAPL,142.54978942871094
2022-10-28,AAPL,153.3197784423828
2022-10-31,AAPL,150.9570770263672
2022-11-01,AAPL,148.30889892578125
2022-11-02,AAPL,142.7761993408203
2022-11-03,AAPL,136.7217559814453
2022-11-04,AAPL,136.45556640625
2022-11-07,AAPL,136.9879913330078
2022-11-08,AAPL,137.5599822998047
2022-11-09,AAPL,132.9943389892578
2022-11-10,AAPL,144.8274688720703
2022-11-11,AAPL,147.6181182861328
2022-11-14,AAPL,146.21783447265625
2022-11-15,AAPL,147.953369140625
2022-11-16,AAPL,146.72076416015625
2022-11-17,AAPL,148.62393188476562
2022-11-18,AAPL,149.1859893798828
2022-11-21,AAPL,145.9516143798828
2022-11-22,AAPL,148.09144592285156
2022-11-23,AAPL,148.9690704345703
2022-11-25,AAPL,146.0502166748047
2022-11-28,AAPL,142.21432495117188
2022-11-29,AAPL,139.20677185058594
2022-11-30,AAPL,145.97132873535156
2022-12-01,AAPL,146.24742126464844
2022-12-02,AAPL,145.75439453125
2022-12-05,AAPL,144.5908203125
2022-12-06,AAPL,140.92254638671875
2022-12-07,AAPL,138.9799346923828
2022-12-08,AAPL,140.6661834716797
2022-12-09,AAPL,140.18299865722656
2022-12-12,AAPL,142.48057556152344
2022-12-13,AAPL,143.44696044921875
2022-12-14,AAPL,141.21836853027344
2022-12-15,AAPL,134.6016845703125
2022-12-16,AAPL,132.6393585205078
2022-12-19,AAPL,130.5291290283203
2022-12-20,AAPL,130.46009826660156
2022-12-21,AAPL,133.5662841796875
2022-12-22,AAPL,130.3910675048828
2022-12-23,AAPL,130.0261993408203
2022-12-27,AAPL,128.22166442871094
2022-12-28,AAPL,124.28714752197266
2022-12-29,AAPL,127.8075180053711
2022-12-30,AAPL,128.12306213378906
2023-01-03,AAPL,123.33064270019531
2023-01-04,AAPL,124.60270690917969
2023-01-05,AAPL,123.2813491821289
2023-01-06,AAPL,127.8173828125
2023-01-09,AAPL,128.33998107910156
2023-01-10,AAPL,128.91195678710938
2023-01-11,AAPL,131.63356018066406
2023-01-12,AAPL,131.55467224121094
2023-01-13,AAPL,132.88587951660156
2023-01-17,AAPL,134.04946899414062
2023-01-18,AAPL,133.32960510253906
2023-01-19,AAPL,133.3887939453125
2023-01-20,AAPL,135.95263671875
2023-01-23,AAPL,139.14759826660156
2023-01-24,AAPL,140.54783630371094
2023-01-25,AAPL,139.88714599609375
2023-01-26,AAPL,141.95797729492188
2023-01-27,AAPL,143.90054321289062
2023-01-30,AAPL,141.01129150390625
2023-01-31,AAPL,142.28335571289062
2023-02-01,AAPL,143.40748596191406
2023-02-02,AAPL,148.7225799560547
2023-02-03,AAPL,152.35133361816406
2023-02-06,AAPL,149.61988830566406
2023-02-07,AAPL,152.499267578125
2023-02-08,AAPL,149.80723571777344
2023-02-09,AAPL,148.77182006835938
2023-02-10,AAPL,149.13723754882812
2023-02-13,AAPL,151.94204711914062
2023-02-14,AAPL,151.30007934570312
2023-02-15,AAPL,153.40367126464844
2023-02-16,AAPL,151.80377197265625
2023-02-17,AAPL,150.6581573486328
2023-02-21,AAPL,146.63864135742188
2023-02-22,AAPL,147.06329345703125
2023-02-23,AAPL,147.54721069335938
2023-02-24,AAPL,144.8905792236328
2023-02-27,AAPL,146.08555603027344
2023-02-28,AAPL,145.58189392089844
2023-03-01,AAPL,143.50794982910156
2023-03-02,AAPL,144.10052490234375
2023-03-03,AAPL,149.15704345703125
2023-03-06,AAPL,151.92230224609375
2023-03-07,AAPL,149.719970703125
2023-03-08,AAPL,150.9741973876953
2023-03-09,AAPL,148.7224578857422
2023-03-10,AAPL,146.65838623046875
2023-03-13,AAPL,148.60397338867188
2023-03-14,AAPL,150.69766235351562
2023-03-15,AAPL,151.09271240234375
2023-03-16,AAPL,153.917236328125
2023-03-17,AAPL,153.07777404785156
2023-03-20,AAPL,155.447998046875
2023-03-21,AAPL,157.30470275878906
2023-03-22,AAPL,155.87269592285156
2023-03-23,AAPL,156.95904541015625
2023-03-24,AAPL,158.26268005371094
2023-03-27,AAPL,156.31707763671875
2023-03-28,AAPL,155.6949005126953
2023-03-29,AAPL,158.77621459960938
2023-03-30,AAPL,160.3465118408203
2023-03-31,AAPL,162.85499572753906
2023-04-03,AAPL,164.10922241210938
2023-04-04,AAPL,163.57595825195312
2023-04-05,AAPL,161.72914123535156
2023-04-06,AAPL,162.61801147460938
2023-04-10,AAPL,160.02059936523438
2023-04-11,AAPL,158.8058624267578
2023-04-12,AAPL,158.11453247070312
2023-04-13,AAPL,163.5068359375
2023-04-14,AAPL,163.16116333007812
2023-04-17,AAPL,163.18092346191406
2023-04-18,AAPL,164.40554809570312
2023-04-19,AAPL,165.5511474609375
2023-04-20,AAPL,164.5832977294922
2023-04-21,AAPL,162.97354125976562
2023-04-24,AAPL,163.2796630859375
2023-04-25,AAPL,161.73899841308594
2023-04-26,AAPL,161.72914123535156
2023-04-27,AAPL,166.32147216796875
2023-04-28,AAPL,167.57571411132812
2023-05-01,AAPL,167.4868621826172
2023-05-02,AAPL,166.44984436035156
2023-05-03,AAPL,165.3733673095703
2023-05-04,AAPL,163.73399353027344
2023-05-05,AAPL,171.41748046875
2023-05-08,AAPL,171.34835815429688
2023-05-09,AAPL,169.6398162841797
2023-05-10,AAPL,171.4075927734375
2023-05-11,AAPL,171.5952606201172
2023-05-12,AAPL,170.66563415527344
2023-05-15,AAPL,170.17115783691406
2023-05-16,AAPL,170.17115783691406
2023-05-17,AAPL,170.78428649902344
2023-05-18,AAPL,173.11825561523438
2023-05-19,AAPL,173.22703552246094
2023-05-22,AAPL,172.2776336669922
2023-05-23,AAPL,169.666748046875
2023-05-24,AAPL,169.94366455078125
2023-05-25,AAPL,171.0809783935547
2023-05-26,AAPL,173.49404907226562
2023-05-30,AAPL,175.3434295654297
2023-05-31,AAPL,175.29397583007812
2023-06-01,AAPL,178.10264587402344
2023-06-02,AAPL,178.95314025878906
2023-06-05,AAPL,177.59825134277344
2023-06-06,AAPL,177.23236083984375
2023-06-07,AAPL,175.85769653320312
2023-06-08,AAPL,178.5773162841797
2023-06-09,AAPL,178.96302795410156
2023-06-12,AAPL,181.76181030273438
2023-06-13,AAPL,181.287109375
2023-06-14,AAPL,181.92002868652344
2023-06-15,AAPL,183.95729064941406
2023-06-16,AAPL,182.87933349609375
2023-06-20,AAPL,182.96832275390625
2023-06-21,AAPL,181.929931640625
2023-06-22,AAPL,184.9363555908203
2023-06-23,AAPL,184.61988830566406
2023-06-26,AAPL,183.2254638671875
2023-06-27,AAPL,185.9846649169922
2023-06-28,AAPL,187.16152954101562
2023-06-29,AAPL,187.497802734375
2023-06-30,AAPL,191.8294677734375
2023-07-03,AAPL,190.3361358642578
2023-07-05,AAPL,189.2185821533203
2023-07-06,AAPL,189.69329833984375
2023-07-07,AAPL,188.57577514648438
2023-07-10,AAPL,186.52859497070312
2023-07-11,AAPL,186.0044708251953
2023-07-12,AAPL,187.67581176757812
2023-07-13,AAPL,188.43731689453125
2023-07-14,AAPL,188.58566284179688
2023-07-17,AAPL,191.8492431640625
2023-07-18,AAPL,191.5921173095703
2023-07-19,AAPL,192.94699096679688
2023-07-20,AAPL,190.9987335205078
2023-07-21,AAPL,189.8218536376953
2023-07-24,AAPL,190.62290954589844
2023-07-25,AAPL,191.4833221435547
2023-07-26,AAPL,192.35362243652344
2023-07-27,AAPL,191.0877227783203
2023-07-28,AAPL,193.6689453125
2023-07-31,AAPL,194.28208923339844
2023-08-01,AAPL,193.4513702392578
2023-08-02,AAPL,190.45480346679688
2023-08-03,AAPL,189.06039428710938
2023-08-04,AAPL,179.981689453125
2023-08-07,AAPL,176.8763427734375
2023-08-08,AAPL,177.81581115722656
2023-08-09,AAPL,176.22360229492188
2023-08-10,AAPL,176.0060272216797
2023-08-11,AAPL,176.0654296875
2023-08-14,AAPL,177.71926879882812
2023-08-15,AAPL,175.72872924804688
2023-08-16,AAPL,174.85728454589844
2023-08-17,AAPL,172.31222534179688
2023-08-18,AAPL,172.7974853515625
2023-08-21,AAPL,174.13438415527344
2023-08-22,AAPL,175.51087951660156
2023-08-23,AAPL,179.36314392089844
2023-08-24,AAPL,174.66912841796875
2023-08-25,AAPL,176.87750244140625
2023-08-28,AAPL,178.4421844482422
2023-08-29,AAPL,182.3340301513672
2023-08-30,AAPL,185.82980346679688
2023-08-31,AAPL,186.04769897460938
2023-09-01,AAPL,187.62225341796875
2023-09-05,AAPL,187.8599090576172
2023-09-06,AAPL,181.1357879638672
2023-09-07,AAPL,175.8376922607422
2023-09-08,AAPL,176.45164489746094
2023-09-11,AAPL,177.62022399902344
2023-09-12,AAPL,174.5899200439453
2023-09-13,AAPL,172.5201873779297
2023-09-14,AAPL,174.03533935546875
2023-09-15,AAPL,173.31240844726562
2023-09-18,AAPL,176.24371337890625
2023-09-19,AAPL,177.33302307128906
2023-09-20,AAPL,173.7877655029297
2023-09-21,AAPL,172.24288940429688
2023-09-22,AAPL,173.09454345703125
2023-09-25,AAPL,174.37203979492188
2023-09-26,AAPL,170.29202270507812
2023-09-27,AAPL,168.77684020996094
2023-09-28,AAPL,169.03431701660156
2023-09-29,AAPL,169.5492706298828
2023-10-02,AAPL,172.0646514892578
2023-10-03,AAPL,170.7277374267578
2023-10-04,AAPL,171.9755096435547
2023-10-05,AAPL,173.21337890625
2023-10-06,AAPL,175.7683868408203
2023-10-09,AAPL,177.25381469726562
2023-10-10,AAPL,176.6596221923828
2023-10-11,AAPL,178.0559539794922
2023-10-12,AAPL,178.9571533203125
2023-10-13,AAPL,177.11517333984375
2023-10-16,AAPL,176.9864044189453
2023-10-17,AAPL,175.431640625
2023-10-18,AAPL,174.13438415527344
2023-10-19,AAPL,173.758056640625
2023-10-20,AAPL,171.2030792236328
2023-10-23,AAPL,171.3218994140625
2023-10-24,AAPL,171.75765991210938
2023-10-25,AAPL,169.44033813476562
2023-10-26,AAPL,165.2711639404297
2023-10-27,AAPL,166.58827209472656
2023-10-30,AAPL,168.63818359375
2023-10-31,AAPL,169.11355590820312
2023-11-01,AAPL,172.28250122070312
2023-11-02,AAPL,175.8476104736328
2023-11-03,AAPL,174.93650817871094
2023-11-06,AAPL,177.491455078125
2023-11-07,AAPL,180.05636596679688
2023-11-08,AAPL,181.11598205566406
2023-11-09,AAPL,180.64065551757812
2023-11-10,AAPL,184.83511352539062
2023-11-13,AAPL,183.24856567382812
2023-11-14,AAPL,185.86642456054688
2023-11-15,AAPL,186.43161010742188
2023-11-16,AAPL,188.1173553466797
2023-11-17,AAPL,188.0974884033203
2023-11-20,AAPL,189.84274291992188
2023-11-21,AAPL,189.03952026367188
2023-11-22,AAPL,189.7039031982422
2023-11-24,AAPL,188.3751678466797
2023-11-27,AAPL,188.1966552734375
2023-11-28,AAPL,188.80154418945312
2023-11-29,AAPL,187.78018188476562
2023-11-30,AAPL,188.35531616210938
2023-12-01,AAPL,189.63449096679688
2023-12-04,AAPL,187.83969116210938
2023-12-05,AAPL,191.7961883544922
2023-12-06,AAPL,190.70541381835938
2023-12-07,AAPL,192.63905334472656
2023-12-08,AAPL,194.0669708251953
2023-12-11,AAPL,191.55821228027344
2023-12-12,AAPL,193.0753631591797
2023-12-13,AAPL,196.29808044433594
2023-12-14,AAPL,196.4468231201172
2023-12-15,AAPL,195.91136169433594
2023-12-18,AAPL,194.2454376220703
2023-12-19,AAPL,195.28665161132812
2023-12-20,AAPL,193.19435119628906
2023-12-21,AAPL,193.04559326171875
2023-12-22,AAPL,191.97470092773438
2023-12-26,AAPL,191.42930603027344
2023-12-27,AAPL,191.52845764160156
2023-12-28,AAPL,191.95484924316406
2023-12-29,AAPL,190.91363525390625
2024-01-02,AAPL,184.0814971923828
2024-01-03,AAPL,182.70318603515625
2024-01-04,AAPL,180.38282775878906
2024-01-05,AAPL,179.658935546875
2024-01-08,AAPL,184.00218200683594
2024-01-09,AAPL,183.585693359375
2024-01-10,AAPL,184.6268768310547
2024-01-11,AAPL,184.0319061279297
2024-01-12,AAPL,184.35914611816406
2024-01-16,AAPL,182.08839416503906
2024-01-17,AAPL,181.14633178710938
2024-01-18,AAPL,187.04640197753906
2024-01-19,AAPL,189.9517822265625
2024-01-22,AAPL,192.2622528076172
2024-01-23,AAPL,193.54139709472656
2024-01-24,AAPL,192.8671112060547
2024-01-25,AAPL,192.53990173339844
2024-01-26,AAPL,190.80459594726562
2024-01-29,AAPL,190.12039184570312
2024-01-30,AAPL,186.46136474609375
2024-01-31,AAPL,182.85191345214844
2024-02-01,AAPL,185.29124450683594
2024-02-02,AAPL,184.28976440429688
2024-02-05,AAPL,186.1043701171875
2024-02-06,AAPL,187.7107696533203
2024-02-07,AAPL,187.81983947753906
2024-02-08,AAPL,186.73899841308594
2024-02-09,AAPL,187.50352478027344
2024-02-12,AAPL,185.81561279296875
2024-02-13,AAPL,183.7206573486328
2024-02-14,AAPL,182.83702087402344
2024-02-15,AAPL,182.54908752441406
2024-02-16,AAPL,181.0101318359375
2024-02-20,AAPL,180.2655029296875
2024-02-21,AAPL,181.02008056640625
2024-02-22,AAPL,183.05545043945312
2024-02-23,AAPL,181.21864318847656
2024-02-26,AAPL,179.86834716796875
2024-02-27,AAPL,181.32786560058594
2024-02-28,AAPL,180.12649536132812
2024-02-29,AAPL,179.46127319335938
2024-03-01,AAPL,178.37905883789062
2024-03-04,AAPL,173.85154724121094
2024-03-05,AAPL,168.9070281982422
2024-03-06,AAPL,167.91416931152344
2024-03-07,AAPL,167.79502868652344
2024-03-08,AAPL,169.5126953125
2024-03-11,AAPL,171.51829528808594
2024-03-12,AAPL,171.99488830566406
2024-03-13,AAPL,169.90985107421875
2024-03-14,AAPL,171.76651000976562
2024-03-15,AAPL,171.3892364501953
2024-03-18,AAPL,172.48138427734375
2024-03-19,AAPL,174.82455444335938
2024-03-20,AAPL,177.3960723876953
2024-03-21,AAPL,170.1481170654297
2024-03-22,AAPL,171.05165100097656
2024-03-25,AAPL,169.63185119628906
2024-03-26,AAPL,168.5
2024-03-27,AAPL,172.07431030273438
2024-03-28,AAPL,170.25735473632812
2024-04-01,AAPL,168.81768798828125
2024-04-02,AAPL,167.6361846923828
2024-04-03,AAPL,168.44039916992188
2024-04-04,AAPL,167.6163330078125
2024-04-05,AAPL,168.3708953857422
2024-04-08,AAPL,167.24896240234375
2024-04-09,AAPL,168.46026611328125
2024-04-10,AAPL,166.58372497558594
2024-04-11,AAPL,173.7919921875
2024-04-12,AAPL,175.2912139892578
2024-04-15,AAPL,171.45872497558594
2024-04-16,AAPL,168.17233276367188
2024-04-17,AAPL,166.8021697998047
2024-04-18,AAPL,165.84901428222656
2024-04-19,AAPL,163.8235626220703
2024-04-22,AAPL,164.65757751464844
2024-04-23,AAPL,165.71002197265625
2024-04-24,AAPL,167.81491088867188
2024-04-25,AAPL,168.67869567871094
2024-04-26,AAPL,168.09291076660156
2024-04-29,AAPL,172.26296997070312
2024-04-30,AAPL,169.1155548095703
2024-05-01,AAPL,168.09291076660156
2024-05-02,AAPL,171.79629516601562
2024-05-03,AAPL,182.072509765625
2024-05-06,AAPL,180.41441345214844
2024-05-07,AAPL,181.0994873046875
2024-05-08,AAPL,181.4370880126953
2024-05-09,AAPL,183.25405883789062
2024-05-10,AAPL,181.99139404296875
2024-05-13,AAPL,185.20269775390625
2024-05-14,AAPL,186.34600830078125
2024-05-15,AAPL,188.622802734375
2024-05-16,AAPL,188.74209594726562
2024-05-17,AAPL,188.77191162109375
2024-05-20,AAPL,189.93515014648438
2024-05-21,AAPL,191.2375946044922
2024-05-22,AAPL,189.79595947265625
2024-05-23,AAPL,185.7992401123047
2024-05-24,AAPL,188.88128662109375
2024-05-28,AAPL,188.89125061035156
2024-05-29,AAPL,189.1894989013672
2024-05-30,AAPL,190.18370056152344
2024-05-31,AAPL,191.13815307617188
2024-06-03,AAPL,192.9078826904297
2024-06-04,AAPL,193.2260284423828
2024-06-05,AAPL,194.7372283935547
2024-06-06,AAPL,193.3552703857422
2024-06-07,AAPL,195.75131225585938
2024-06-10,AAPL,192.00314331054688
2024-06-11,AAPL,205.9519805908203
2024-06-12,AAPL,211.83775329589844
2024-06-13,AAPL,213.0009765625
2024-06-14,AAPL,211.2611083984375
2024-06-17,AAPL,215.4169464111328
2024-06-18,AAPL,213.05072021484375
2024-06-20,AAPL,208.4673614501953
2024-06-21,AAPL,206.2900390625
2024-06-24,AAPL,206.93626403808594
2024-06-25,AAPL,207.86090087890625
2024-06-26,AAPL,212.01670837402344
2024-06-27,AAPL,212.86180114746094
2024-06-28,AAPL,209.4019012451172
2024-07-01,AAPL,215.49647521972656
2024-07-02,AAPL,218.99612426757812
2024-07-03,AAPL,220.2687225341797
2024-07-05,AAPL,225.03103637695312
2024-07-08,AAPL,226.50247192382812
2024-07-09,AAPL,227.35748291015625
2024-07-10,AAPL,231.63259887695312
2024-07-11,AAPL,226.25390625
2024-07-12,AAPL,229.2067108154297
2024-07-15,AAPL,233.04440307617188
2024-07-16,AAPL,233.4619903564453
2024-07-17,AAPL,227.55633544921875
2024-07-18,AAPL,222.88351440429688
2024-07-19,AAPL,223.01275634765625
2024-07-22,AAPL,222.66477966308594
2024-07-23,AAPL,223.7086944580078
2024-07-24,AAPL,217.276123046875
2024-07-25,AAPL,216.23219299316406
2024-07-26,AAPL,216.69947814941406
2024-07-29,AAPL,216.9778594970703
2024-07-30,AAPL,217.5346221923828
2024-07-31,AAPL,220.795654296875
2024-08-01,AAPL,217.09718322753906
2024-08-02,AAPL,218.58848571777344
2024-08-05,AAPL,208.0597381591797
2024-08-06,AAPL,206.03152465820312
2024-08-07,AAPL,208.6065673828125
2024-08-08,AAPL,212.0763702392578
2024-08-09,AAPL,214.98944091796875
2024-08-12,AAPL,216.5222930908203
2024-08-13,AAPL,220.24497985839844
2024-08-14,AAPL,220.69288635253906
2024-08-15,AAPL,223.6790008544922
2024-08-16,AAPL,225.00283813476562
2024-08-19,AAPL,224.84356689453125
2024-08-20,AAPL,225.460693359375
2024-08-21,AAPL,225.35121154785156
2024-08-22,AAPL,223.48988342285156
2024-08-23,AAPL,225.78916931152344
2024-08-26,AAPL,226.12759399414062
2024-08-27,AAPL,226.97366333007812
2024-08-28,AAPL,225.4407958984375
2024-08-29,AAPL,228.72549438476562
2024-08-30,AAPL,227.93917846679688
2024-09-03,AAPL,221.738037109375
2024-09-04,AAPL,219.82691955566406
2024-09-05,AAPL,221.34983825683594
2024-09-06,AAPL,219.7970733642578
2024-09-09,AAPL,219.8866424560547
2024-09-10,AAPL,219.09034729003906
2024-09-11,AAPL,221.6285400390625
2024-09-12,AAPL,221.738037109375
2024-09-13,AAPL,221.46926879882812
2024-09-16,AAPL,215.3179168701172
2024-09-17,AAPL,215.78570556640625
2024-09-18,AAPL,219.6676483154297
2024-09-19,AAPL,227.8097686767578
2024-09-20,AAPL,227.14285278320312
2024-09-23,AAPL,225.4208984375
2024-09-24,AAPL,226.31671142578125
2024-09-25,AAPL,225.3213348388672
2024-09-26,AAPL,226.46603393554688
2024-09-27,AAPL,226.73475646972656
2024-09-30,AAPL,231.92063903808594
2024-10-01,AAPL,225.16209411621094
2024-10-02,AAPL,225.7294464111328
2024-10-03,AAPL,224.6245880126953
2024-10-04,AAPL,225.74935913085938
2024-10-07,AAPL,220.66302490234375
2024-10-08,AAPL,224.72415161132812
2024-10-09,AAPL,228.47665405273438
2024-10-10,AAPL,227.97897338867188
2024-10-11,AAPL,226.4958953857422
2024-10-14,AAPL,230.22850036621094
2024-10-15,AAPL,232.76670837402344
2024-10-16,AAPL,230.70626831054688
2024-10-17,AAPL,231.07456970214844
2024-10-18,AAPL,233.91136169433594
2024-10-21,AAPL,235.38450622558594
2024-10-22,AAPL,234.76739501953125
2024-10-23,AAPL,229.69100952148438
2024-10-24,AAPL,229.50189208984375
2024-10-25,AAPL,230.3380126953125
2024-10-28,AAPL,232.3187713623047
2024-10-29,AAPL,232.5875244140625
2024-10-30,AAPL,229.03407287597656
2024-10-31,AAPL,224.8634796142578
2024-11-01,AAPL,221.87738037109375
2024-11-04,AAPL,220.98155212402344
2024-11-05,AAPL,222.41485595703125
2024-11-06,AAPL,221.68826293945312
2024-11-07,AAPL,226.42620849609375
2024-11-08,AAPL,226.15716552734375
2024-11-11,AAPL,223.4368133544922
2024-11-12,AAPL,223.4368133544922
2024-11-13,AAPL,224.3236541748047
2024-11-14,AAPL,227.4127197265625
2024-11-15,AAPL,224.2041015625
2024-11-18,AAPL,227.2134246826172
2024-11-19,AAPL,227.47247314453125
2024-11-20,AAPL,228.18995666503906
2024-11-21,AAPL,227.71165466308594
2024-11-22,AAPL,229.05685424804688
2024-11-25,AAPL,232.04624938964844
2024-11-26,AAPL,234.228515625
2024-11-27,AAPL,234.0989532470703
2024-11-29,AAPL,236.49049377441406
2024-12-02,AAPL,238.7424774169922
2024-12-03,AAPL,241.79165649414062
2024-12-04,AAPL,242.150390625
2024-12-05,AAPL,242.18028259277344
2024-12-06,AAPL,241.98098754882812
2024-12-09,AAPL,245.8771514892578
2024-12-10,AAPL,246.89353942871094
2024-12-11,AAPL,245.6180877685547
2024-12-12,AAPL,247.08287048339844
2024-12-13,AAPL,247.25228881835938
2024-12-16,AAPL,250.15196228027344
2024-12-17,AAPL,252.58334350585938
2024-12-18,AAPL,247.1725616455078
2024-12-19,AAPL,248.90638732910156
2024-12-20,AAPL,253.5897674560547
2024-12-23,AAPL,254.36700439453125
2024-12-24,AAPL,257.28668212890625
2024-12-26,AAPL,258.1037292480469
2024-12-27,AAPL,254.6858673095703
2024-12-30,AAPL,251.30787658691406
2024-12-31,AAPL,249.5341796875
2025-01-02,AAPL,242.9874267578125
2025-01-03,AAPL,242.49916076660156
2025-01-06,AAPL,244.1333465576172
2025-01-07,AAPL,241.35321044921875
2025-01-08,AAPL,241.8414764404297
2025-01-10,AAPL,236.01219177246094
2025-01-13,AAPL,233.5708465576172
2025-01-14,AAPL,232.45480346679688
2025-01-15,AAPL,237.028564453125
2025-01-16,AAPL,227.4525604248047
2025-01-17,AAPL,229.16647338867188
2025-01-21,AAPL,221.85243225097656
2025-01-22,AAPL,223.03823852539062
2025-01-23,AAPL,222.86883544921875
2025-01-24,AAPL,221.991943359375
2025-01-27,AAPL,229.04690551757812
2025-01-28,AAPL,237.4171905517578
2025-01-29,AAPL,238.51329040527344
2025-01-30,AAPL,236.7495574951172
2025-01-31,AAPL,235.16519165039062
2025-02-03,AAPL,227.2034454345703
2025-02-04,AAPL,231.9765167236328
2025-02-05,AAPL,231.6476593017578
2025-02-06,AAPL,232.39501953125
2025-02-07,AAPL,226.82479858398438
2025-02-10,AAPL,227.0941162109375
2025-02-11,AAPL,232.05198669433594
2025-02-12,AAPL,236.29161071777344
2025-02-13,AAPL,240.9402313232422
2025-02-14,AAPL,244.00274658203125
2025-02-18,AAPL,243.87306213378906
2025-02-19,AAPL,244.27207946777344
2025-02-20,AAPL,245.22975158691406
2025-02-21,AAPL,244.95042419433594
2025-02-24,AAPL,246.49664306640625
2025-02-25,AAPL,246.43678283691406
2025-02-26,AAPL,239.77310180664062
2025-02-27,AAPL,236.72056579589844
2025-02-28,AAPL,241.24948120117188
2025-03-03,AAPL,237.4487762451172
2025-03-04,AAPL,235.35391235351562
2025-03-05,AAPL,235.1643829345703
2025-03-06,AAPL,234.75538635253906
2025-03-07,AAPL,238.4862518310547
2025-03-10,AAPL,226.92454528808594
2025-03-11,AAPL,220.30075073242188
2025-03-12,AAPL,216.45018005371094
2025-03-13,AAPL,209.16799926757812
2025-03-14,AAPL,212.9687042236328
2025-03-17,AAPL,213.4774627685547
2025-03-18,AAPL,212.17066955566406
2025-03-19,AAPL,214.7144317626953
2025-03-20,AAPL,213.5772247314453
2025-03-21,AAPL,217.73704528808594
2025-03-24,AAPL,220.19102478027344
2025-03-25,AAPL,223.2036590576172
2025-03-26,AAPL,220.98907470703125
2025-03-27,AAPL,223.3034210205078
2025-03-28,AAPL,217.36793518066406
2025-03-31,AAPL,221.58761596679688
2025-04-01,AAPL,222.64503479003906
2025-04-02,AAPL,223.34332275390625
2025-04-03,AAPL,202.69384765625
2025-04-04,AAPL,187.92002868652344
2025-04-07,AAPL,181.0169219970703
2025-04-08,AAPL,171.9989776611328
2025-04-09,AAPL,198.3644561767578
2025-04-10,AAPL,189.9550323486328
2025-04-11,AAPL,197.66615295410156
2025-04-14,AAPL,202.02549743652344
2025-04-15,AAPL,201.6464080810547
2025-04-16,AAPL,193.79563903808594
2025-04-17,AAPL,196.4990234375
2025-04-21,AAPL,192.6883544921875
2025-04-22,AAPL,199.25228881835938
2025-04-23,AAPL,204.1004180908203
2025-04-24,AAPL,207.8612060546875
2025-04-25,AAPL,208.76898193359375
2025-04-28,AAPL,209.62689208984375
2025-04-29,AAPL,210.6942901611328
2025-04-30,AAPL,211.9811248779297
2025-05-01,AAPL,212.79913330078125
2025-05-02,AAPL,204.8485870361328
2025-05-05,AAPL,198.40435791015625
2025-05-06,AAPL,198.02528381347656
2025-05-07,AAPL,195.7707977294922
2025-05-08,AAPL,197.00778198242188
2025-05-09,AAPL,198.0452423095703
2025-05-12,AAPL,210.55104064941406
2025-05-13,AAPL,212.68861389160156
2025-05-14,AAPL,212.08929443359375
2025-05-15,AAPL,211.21029663085938
2025-05-16,AAPL,211.0205078125
2025-05-19,AAPL,208.54331970214844
2025-05-20,AAPL,206.62550354003906
2025-05-21,AAPL,201.86090087890625
2025-05-22,AAPL,201.13172912597656
2025-05-23,AAPL,195.04864501953125
2025-05-27,AAPL,199.98304748535156
2025-05-28,AAPL,200.1927947998047
2025-05-29,AAPL,199.72332763671875
2025-05-30,AAPL,200.622314453125
2025-06-02,AAPL,201.47134399414062
2025-06-03,AAPL,203.03956604003906
2025-06-04,AAPL,202.590087890625
2025-06-05,AAPL,200.40257263183594
2025-06-06,AAPL,203.68882751464844
2025-06-09,AAPL,201.2216339111328
2025-06-10,AAPL,202.44024658203125
2025-06-11,AAPL,198.55465698242188
2025-06-12,AAPL,198.97418212890625
2025-06-13,AAPL,196.227294921875
2025-06-16,AAPL,198.195068359375
2025-06-17,AAPL,195.418212890625
2025-06-18,AAPL,196.35714721679688
2025-06-20,AAPL,200.7721405029297
2025-06-23,AAPL,201.27157592773438
2025-06-24,AAPL,200.07293701171875
2025-06-25,AAPL,201.33151245117188
2025-06-26,AAPL,200.7721405029297
2025-06-27,AAPL,200.85205078125
2025-06-30,AAPL,204.93740844726562
2025-07-01,AAPL,207.58441162109375
2025-07-02,AAPL,212.1991729736328
2025-07-03,AAPL,213.30792236328125
2025-07-07,AAPL,209.7119903564453
2025-07-08,AAPL,209.7719268798828
2025-07-09,AAPL,210.90065002441406
2025-07-10,AAPL,212.16920471191406
2025-07-11,AAPL,210.92062377929688
2025-07-14,AAPL,208.3834991455078
2025-07-15,AAPL,208.87295532226562
2025-07-16,AAPL,209.92176818847656
2025-07-17,AAPL,209.78192138671875
2025-07-18,AAPL,210.9405975341797
2025-07-21,AAPL,212.23912048339844
2025-07-22,AAPL,214.15695190429688
2025-07-23,AAPL,213.9072265625
2025-07-24,AAPL,213.51766967773438
2025-07-25,AAPL,213.63754272460938
2025-07-28,AAPL,213.80735778808594
2025-07-29,AAPL,211.03050231933594
2025-07-30,AAPL,208.81301879882812
2025-07-31,AAPL,207.33470153808594
2025-08-01,AAPL,202.1505889892578
2025-08-04,AAPL,203.11949157714844
2025-08-05,AAPL,202.68995666503906
2025-08-06,AAPL,213.0082550048828
2025-08-07,AAPL,219.7805633544922
2025-08-08,AAPL,229.0900115966797
2025-08-11,AAPL,227.17999267578125
2025-08-12,AAPL,229.64999389648438
2025-08-13,AAPL,233.3300018310547
2025-08-14,AAPL,232.77999877929688
2025-08-15,AAPL,231.58999633789062
2025-08-18,AAPL,230.88999938964844
2025-08-19,AAPL,230.55999755859375
2025-08-20,AAPL,226.00999450683594
2025-08-21,AAPL,224.89999389648438
2025-08-22,AAPL,227.75999450683594
2025-08-25,AAPL,227.16000366210938
2025-08-26,AAPL,229.30999755859375
2025-08-27,AAPL,230.49000549316406
2025-08-28,AAPL,232.55999755859375
2025-08-29,AAPL,232.13999938964844
2025-09-02,AAPL,229.72000122070312
2025-09-03,AAPL,238.47000122070312
2025-09-04,AAPL,239.77999877929688
2025-09-05,AAPL,239.69000244140625
2025-09-08,AAPL,237.8800048828125
2025-09-09,AAPL,234.35000610351562
2025-09-10,AAPL,226.7899932861328
2025-09-11,AAPL,230.02999877929688
2025-09-12,AAPL,234.07000732421875
2020-01-02,MSFT,94.90049743652344
2020-01-03,MSFT,93.74849700927734
2020-01-06,MSFT,95.14399719238281
2020-01-07,MSFT,95.34300231933594
2020-01-08,MSFT,94.59850311279297
2020-01-09,MSFT,95.05249786376953
2020-01-10,MSFT,94.15799713134766
2020-01-13,MSFT,94.56500244140625
2020-01-14,MSFT,93.47200012207031
2020-01-15,MSFT,93.10099792480469
2020-01-16,MSFT,93.89700317382812
2020-01-17,MSFT,93.23600006103516
2020-01-21,MSFT,94.5999984741211
2020-01-22,MSFT,94.37300109863281
2020-01-23,MSFT,94.22899627685547
2020-01-24,MSFT,93.08200073242188
2020-01-27,MSFT,91.41699981689453
2020-01-28,MSFT,92.6624984741211
2020-01-29,MSFT,92.9000015258789
2020-01-30,MSFT,93.53399658203125
2020-01-31,MSFT,100.43599700927734
2020-02-03,MSFT,100.20999908447266
2020-02-04,MSFT,102.4834976196289
2020-02-05,MSFT,101.99349975585938
2020-02-06,MSFT,102.5114974975586
2020-02-07,MSFT,103.96399688720703
2020-02-10,MSFT,106.69550323486328
2020-02-11,MSFT,107.54000091552734
2020-02-12,MSFT,108.0
2020-02-13,MSFT,107.49349975585938
2020-02-14,MSFT,106.74349975585938
2020-02-18,MSFT,107.78350067138672
2020-02-19,MSFT,108.51100158691406
2020-02-20,MSFT,107.65499877929688
2020-02-21,MSFT,104.79850006103516
2020-02-24,MSFT,100.4645004272461
2020-02-25,MSFT,98.63700103759766
2020-02-26,MSFT,98.97949981689453
2020-02-27,MSFT,94.21499633789062
2020-02-28,MSFT,94.1875
2020-03-02,MSFT,97.69750213623047
2020-03-03,MSFT,95.44950103759766
2020-03-04,MSFT,98.79149627685547
2020-03-05,MSFT,96.20149993896484
2020-03-06,MSFT,95.05449676513672
2020-03-09,MSFT,90.03050231933594
2020-03-10,MSFT,94.59100341796875
2020-03-11,MSFT,91.04299926757812
2020-03-12,MSFT,83.83049774169922
2020-03-13,MSFT,89.25
2020-03-16,MSFT,84.4574966430664
2020-03-17,MSFT,90.39199829101562
2020-03-18,MSFT,91.5
2020-03-19,MSFT,94.04650115966797
2020-03-20,MSFT,92.30449676513672
2020-03-23,MSFT,95.1415023803711
2020-03-24,MSFT,97.00499725341797
2020-03-25,MSFT,94.29199981689453
2020-03-26,MSFT,97.77449798583984
2020-03-27,MSFT,95.00499725341797
2020-03-30,MSFT,98.19750213623047
2020-03-31,MSFT,97.48600006103516
2020-04-01,MSFT,95.38500213623047
2020-04-02,MSFT,95.94149780273438
2020-04-03,MSFT,95.32949829101562
2020-04-06,MSFT,99.87950134277344
2020-04-07,MSFT,100.58000183105469
2020-04-08,MSFT,102.1500015258789
2020-04-09,MSFT,102.13800048828125
2020-04-13,MSFT,108.44349670410156
2020-04-14,MSFT,114.16600036621094
2020-04-15,MSFT,115.38400268554688
2020-04-16,MSFT,120.40950012207031
2020-04-17,MSFT,118.75
2020-04-20,MSFT,119.68049621582031
2020-04-21,MSFT,116.40599822998047
2020-04-22,MSFT,118.17449951171875
2020-04-23,MSFT,119.97250366210938
2020-04-24,MSFT,120.51100158691406
2020-04-27,MSFT,118.80000305175781
2020-04-28,MSFT,115.7040023803711
2020-04-29,MSFT,118.635498046875
2020-04-30,MSFT,123.69999694824219
2020-05-01,MSFT,114.302001953125
2020-05-04,MSFT,115.79949951171875
2020-05-05,MSFT,115.88999938964844
2020-05-06,MSFT,117.56300354003906
2020-05-07,MSFT,118.38050079345703
2020-05-08,MSFT,118.98049926757812
2020-05-11,MSFT,120.44999694824219
2020-05-12,MSFT,117.84750366210938
2020-05-13,MSFT,118.39600372314453
2020-05-14,MSFT,119.44249725341797
2020-05-15,MSFT,120.48899841308594
2020-05-18,MSFT,121.31300354003906
2020-05-19,MSFT,122.46649932861328
2020-05-20,MSFT,124.89700317382812
2020-05-21,MSFT,122.33699798583984
2020-05-22,MSFT,121.84400177001953
2020-05-26,MSFT,121.09300231933594
2020-05-27,MSFT,120.51950073242188
2020-05-28,MSFT,120.05500030517578
2020-05-29,MSFT,122.11849975585938
2020-06-01,MSFT,123.552001953125
2020-06-02,MSFT,123.62049865722656
2020-06-03,MSFT,123.91999816894531
2020-06-04,MSFT,123.02999877929688
2020-06-05,MSFT,124.1500015258789
2020-06-08,MSFT,126.2030029296875
2020-06-09,MSFT,130.04299926757812
2020-06-10,MSFT,132.37249755859375
2020-06-11,MSFT,127.89800262451172
2020-06-12,MSFT,127.2509994506836
2020-06-15,MSFT,128.63400268554688
2020-06-16,MSFT,130.7635040283203
2020-06-17,MSFT,132.0489959716797
2020-06-18,MSFT,132.69900512695312
2020-06-19,MSFT,133.75050354003906
2020-06-22,MSFT,135.6909942626953
2020-06-23,MSFT,138.2205047607422
2020-06-24,MSFT,136.72000122070312
2020-06-25,MSFT,137.72900390625
2020-06-26,MSFT,134.64349365234375
2020-06-29,MSFT,134.0189971923828
2020-06-30,MSFT,137.9409942626953
2020-07-01,MSFT,143.93499755859375
2020-07-02,MSFT,144.51499938964844
2020-07-06,MSFT,152.8520050048828
2020-07-07,MSFT,150.00599670410156
2020-07-08,MSFT,154.0554962158203
2020-07-09,MSFT,159.13150024414062
2020-07-10,MSFT,160.0
2020-07-13,MSFT,155.1999969482422
2020-07-14,MSFT,154.1999969482422
2020-07-15,MSFT,150.44349670410156
2020-07-16,MSFT,149.9949951171875
2020-07-17,MSFT,148.09849548339844
2020-07-20,MSFT,159.8419952392578
2020-07-21,MSFT,156.9145050048828
2020-07-22,MSFT,154.99549865722656
2020-07-23,MSFT,149.32749938964844
2020-07-24,MSFT,150.44549560546875
2020-07-27,MSFT,152.760498046875
2020-07-28,MSFT,150.01649475097656
2020-07-29,MSFT,151.67649841308594
2020-07-30,MSFT,152.593994140625
2020-07-31,MSFT,158.23399353027344
2020-08-03,MSFT,155.59449768066406
2020-08-04,MSFT,156.94149780273438
2020-08-05,MSFT,160.25149536132812
2020-08-06,MSFT,161.25
2020-08-07,MSFT,158.3730010986328
2020-08-10,MSFT,157.4080047607422
2020-08-11,MSFT,154.0334930419922
2020-08-12,MSFT,158.11199951171875
2020-08-13,MSFT,158.05099487304688
2020-08-14,MSFT,157.4010009765625
2020-08-17,MSFT,159.12049865722656
2020-08-18,MSFT,165.62449645996094
2020-08-19,MSFT,163.0240020751953
2020-08-20,MSFT,164.86849975585938
2020-08-21,MSFT,164.23599243164062
2020-08-24,MSFT,165.3730010986328
2020-08-25,MSFT,167.32449340820312
2020-08-26,MSFT,172.09249877929688
2020-08-27,MSFT,170.0
2020-08-28,MSFT,170.08999633789062
2020-08-31,MSFT,172.54800415039062
2020-09-01,MSFT,174.95599365234375
2020-09-02,MSFT,176.57249450683594
2020-09-03,MSFT,168.39999389648438
2020-09-04,MSFT,164.7310028076172
2020-09-08,MSFT,157.49200439453125
2020-09-09,MSFT,163.4304962158203
2020-09-10,MSFT,158.7554931640625
2020-09-11,MSFT,155.81100463867188
2020-09-14,MSFT,155.14849853515625
2020-09-15,MSFT,157.80650329589844
2020-09-16,MSFT,153.90499877929688
2020-09-17,MSFT,150.43649291992188
2020-09-18,MSFT,147.74549865722656
2020-09-21,MSFT,148.02349853515625
2020-09-22,MSFT,156.44949340820312
2020-09-23,MSFT,149.9929962158203
2020-09-24,MSFT,150.989501953125
2020-09-25,MSFT,154.75650024414062
2020-09-28,MSFT,158.70249938964844
2020-09-29,MSFT,157.24400329589844
2020-09-30,MSFT,157.43649291992188
2020-10-01,MSFT,161.06300354003906
2020-10-02,MSFT,156.25
2020-10-05,MSFT,159.9600067138672
2020-10-06,MSFT,154.9980010986328
2020-10-07,MSFT,159.7845001220703
2020-10-08,MSFT,159.52749633789062
2020-10-09,MSFT,164.33250427246094
2020-10-12,MSFT,172.14649963378906
2020-10-13,MSFT,172.18150329589844
2020-10-14,MSFT,168.1855010986328
2020-10-15,MSFT,166.9324951171875
2020-10-16,MSFT,163.635498046875
2020-10-19,MSFT,160.36050415039062
2020-10-20,MSFT,160.85049438476562
2020-10-21,MSFT,159.2469940185547
2020-10-22,MSFT,158.82000732421875
2020-10-23,MSFT,160.22000122070312
2020-10-26,MSFT,160.3520050048828
2020-10-27,MSFT,164.31649780273438
2020-10-28,MSFT,158.13900756835938
2020-10-29,MSFT,160.55050659179688
2020-10-30,MSFT,151.8074951171875
2020-11-02,MSFT,150.2239990234375
2020-11-03,MSFT,152.42050170898438
2020-11-04,MSFT,162.05799865722656
2020-11-05,MSFT,166.10000610351562
2020-11-06,MSFT,165.56849670410156
2020-11-09,MSFT,157.18699645996094
2020-11-10,MSFT,151.75100708007812
2020-11-11,MSFT,156.8695068359375
2020-11-12,MSFT,155.51400756835938
2020-11-13,MSFT,156.4405059814453
2020-11-16,MSFT,156.55299377441406
2020-11-17,MSFT,156.7830047607422
2020-11-18,MSFT,155.2729949951172
2020-11-19,MSFT,155.8509979248047
2020-11-20,MSFT,154.97000122070312
2020-11-23,MSFT,154.91949462890625
2020-11-24,MSFT,155.9029998779297
2020-11-25,MSFT,159.2534942626953
2020-11-27,MSFT,159.76699829101562
2020-11-30,MSFT,158.40199279785156
2020-12-01,MSFT,161.00399780273438
2020-12-02,MSFT,160.17649841308594
2020-12-03,MSFT,159.3365020751953
2020-12-04,MSFT,158.12899780273438
2020-12-07,MSFT,157.89999389648438
2020-12-08,MSFT,158.864501953125
2020-12-09,MSFT,155.2100067138672
2020-12-10,MSFT,155.07449340820312
2020-12-11,MSFT,155.8209991455078
2020-12-14,MSFT,157.84849548339844
2020-12-15,MSFT,158.25599670410156
2020-12-16,MSFT,162.04800415039062
2020-12-17,MSFT,161.8040008544922
2020-12-18,MSFT,160.08250427246094
2020-12-21,MSFT,160.3090057373047
2020-12-22,MSFT,160.3260040283203
2020-12-23,MSFT,159.2635040283203
2020-12-24,MSFT,158.63450622558594
2020-12-28,MSFT,164.197998046875
2020-12-29,MSFT,166.10000610351562
2020-12-30,MSFT,164.29249572753906
2020-12-31,MSFT,162.84649658203125
2021-01-04,MSFT,159.3314971923828
2021-01-05,MSFT,160.92550659179688
2021-01-06,MSFT,156.91900634765625
2021-01-07,MSFT,158.10800170898438
2021-01-08,MSFT,159.13499450683594
2021-01-11,MSFT,155.7104949951172
2021-01-12,MSFT,156.04150390625
2021-01-13,MSFT,158.29449462890625
2021-01-14,MSFT,156.37350463867188
2021-01-15,MSFT,155.21249389648438
2021-01-19,MSFT,156.03799438476562
2021-01-20,MSFT,163.16900634765625
2021-01-21,MSFT,165.34950256347656
2021-01-22,MSFT,164.6114959716797
2021-01-25,MSFT,164.6999969482422
2021-01-26,MSFT,166.30650329589844
2021-01-27,MSFT,161.62899780273438
2021-01-28,MSFT,161.88099670410156
2021-01-29,MSFT,160.30999755859375
2021-02-01,MSFT,167.1439971923828
2021-02-02,MSFT,169.0
2021-02-03,MSFT,165.62649536132812
2021-02-04,MSFT,166.5500030517578
2021-02-05,MSFT,167.6074981689453
2021-02-08,MSFT,166.14700317382812
2021-02-09,MSFT,165.25
2021-02-10,MSFT,164.32899475097656
2021-02-11,MSFT,163.10650634765625
2021-02-12,MSFT,163.885498046875
2021-02-16,MSFT,163.44749450683594
2021-02-17,MSFT,165.4320068359375
2021-02-18,MSFT,166.4114990234375
2021-02-19,MSFT,162.4949951171875
2021-02-22,MSFT,159.03700256347656
2021-02-23,MSFT,159.72500610351562
2021-02-24,MSFT,157.97650146484375
2021-02-25,MSFT,152.85800170898438
2021-02-26,MSFT,154.64649963378906
2021-03-01,MSFT,157.3070068359375
2021-03-02,MSFT,154.72650146484375
2021-03-03,MSFT,150.25
2021-03-04,MSFT,148.8784942626953
2021-03-05,MSFT,150.0229949951172
2021-03-08,MSFT,147.59750366210938
2021-03-09,MSFT,153.1425018310547
2021-03-10,MSFT,152.8820037841797
2021-03-11,MSFT,155.67950439453125
2021-03-12,MSFT,154.47450256347656
2021-03-15,MSFT,154.08399963378906
2021-03-16,MSFT,154.59300231933594
2021-03-17,MSFT,156.7864990234375
2021-03-18,MSFT,151.39950561523438
2021-03-19,MSFT,153.7480010986328
2021-03-22,MSFT,155.5435028076172
2021-03-23,MSFT,156.875
2021-03-24,MSFT,154.35350036621094
2021-03-25,MSFT,152.31300354003906
2021-03-26,MSFT,152.60150146484375
2021-03-29,MSFT,153.7864990234375
2021-03-30,MSFT,152.76449584960938
2021-03-31,MSFT,154.70399475097656
2021-04-01,MSFT,158.0500030517578
2021-04-05,MSFT,161.3365020751953
2021-04-06,MSFT,161.1909942626953
2021-04-07,MSFT,163.96949768066406
2021-04-08,MSFT,164.96499633789062
2021-04-09,MSFT,168.61000061035156
2021-04-12,MSFT,168.96949768066406
2021-04-13,MSFT,170.0
2021-04-14,MSFT,166.64999389648438
2021-04-15,MSFT,168.95449829101562
2021-04-16,MSFT,169.9720001220703
2021-04-19,MSFT,168.60049438476562
2021-04-20,MSFT,166.7344970703125
2021-04-21,MSFT,168.1009979248047
2021-04-22,MSFT,165.45199584960938
2021-04-23,MSFT,167.04400634765625
2021-04-26,MSFT,170.4499969482422
2021-04-27,MSFT,170.8715057373047
2021-04-28,MSFT,172.9250030517578
2021-04-29,MSFT,173.5655059814453
2021-04-30,MSFT,173.37100219726562
2021-05-03,MSFT,169.32449340820312
2021-05-04,MSFT,165.593505859375
2021-05-05,MSFT,163.52699279785156
2021-05-06,MSFT,165.31849670410156
2021-05-07,MSFT,164.58050537109375
2021-05-10,MSFT,159.52450561523438
2021-05-11,MSFT,161.19549560546875
2021-05-12,MSFT,157.5970001220703
2021-05-13,MSFT,158.07350158691406
2021-05-14,MSFT,161.14500427246094
2021-05-17,MSFT,163.51950073242188
2021-05-18,MSFT,161.61399841308594
2021-05-19,MSFT,161.58999633789062
2021-05-20,MSFT,162.38400268554688
2021-05-21,MSFT,160.1540069580078
2021-05-24,MSFT,162.24949645996094
2021-05-25,MSFT,162.95249938964844
2021-05-26,MSFT,163.25799560546875
2021-05-27,MSFT,161.5054931640625
2021-05-28,MSFT,161.15350341796875
2021-06-01,MSFT,160.9324951171875
2021-06-02,MSFT,161.69949340820312
2021-06-03,MSFT,159.35049438476562
2021-06-04,MSFT,160.31100463867188
2021-06-07,MSFT,159.90049743652344
2021-06-08,MSFT,163.20550537109375
2021-06-09,MSFT,164.0574951171875
2021-06-10,MSFT,167.4824981689453
2021-06-11,MSFT,167.3415069580078
2021-06-14,MSFT,169.19349670410156
2021-06-15,MSFT,169.156494140625
2021-06-16,MSFT,170.7624969482422
2021-06-17,MSFT,174.46200561523438
2021-06-18,MSFT,174.34500122070312
2021-06-21,MSFT,172.697998046875
2021-06-22,MSFT,175.27200317382812
2021-06-23,MSFT,175.1909942626953
2021-06-24,MSFT,172.45399475097656
2021-06-25,MSFT,170.072998046875
2021-06-28,MSFT,172.1945037841797
2021-06-29,MSFT,172.40699768066406
2021-06-30,MSFT,172.00799560546875
2021-07-01,MSFT,171.64849853515625
2021-07-02,MSFT,175.5489959716797
2021-07-06,MSFT,183.78700256347656
2021-07-07,MSFT,184.82899475097656
2021-07-08,MSFT,186.57049560546875
2021-07-09,MSFT,185.9669952392578
2021-07-12,MSFT,185.92750549316406
2021-07-13,MSFT,183.8679962158203
2021-07-14,MSFT,184.08399963378906
2021-07-15,MSFT,181.55999755859375
2021-07-16,MSFT,178.68150329589844
2021-07-19,MSFT,177.47950744628906
2021-07-20,MSFT,178.6595001220703
2021-07-21,MSFT,179.25999450683594
2021-07-22,MSFT,181.90150451660156
2021-07-23,MSFT,182.83200073242188
2021-07-26,MSFT,184.99099731445312
2021-07-27,MSFT,181.3195037841797
2021-07-28,MSFT,181.51600646972656
2021-07-29,MSFT,179.99600219726562
2021-07-30,MSFT,166.37950134277344
2021-08-02,MSFT,166.57400512695312
2021-08-03,MSFT,168.31199645996094
2021-08-04,MSFT,167.73599243164062
2021-08-05,MSFT,168.79949951171875
2021-08-06,MSFT,167.2469940185547
2021-08-09,MSFT,167.093505859375
2021-08-10,MSFT,166.03399658203125
2021-08-11,MSFT,164.60549926757812
2021-08-12,MSFT,165.1750030517578
2021-08-13,MSFT,164.69850158691406
2021-08-16,MSFT,164.94949340820312
2021-08-17,MSFT,162.09800720214844
2021-08-18,MSFT,160.06100463867188
2021-08-19,MSFT,159.3874969482422
2021-08-20,MSFT,159.99749755859375
2021-08-23,MSFT,163.2935028076172
2021-08-24,MSFT,165.28900146484375
2021-08-25,MSFT,164.95899963378906
2021-08-26,MSFT,165.8000030517578
2021-08-27,MSFT,167.48150634765625
2021-08-30,MSFT,171.07850646972656
2021-08-31,MSFT,173.5395050048828
2021-09-01,MSFT,173.9499969482422
2021-09-02,MSFT,173.156005859375
2021-09-03,MSFT,173.90249633789062
2021-09-07,MSFT,175.46449279785156
2021-09-08,MSFT,176.27499389648438
2021-09-09,MSFT,174.20799255371094
2021-09-10,MSFT,173.45750427246094
2021-09-13,MSFT,172.85850524902344
2021-09-14,MSFT,172.5
2021-09-15,MSFT,173.7895050048828
2021-09-16,MSFT,174.41200256347656
2021-09-17,MSFT,173.12600708007812
2021-09-20,MSFT,167.7864990234375
2021-09-21,MSFT,167.18150329589844
2021-09-22,MSFT,169.00250244140625
2021-09-23,MSFT,170.8000030517578
2021-09-24,MSFT,171.2760009765625
2021-09-27,MSFT,170.2899932861328
2021-09-28,MSFT,165.79800415039062
2021-09-29,MSFT,165.05599975585938
2021-09-30,MSFT,164.2519989013672
2021-10-01,MSFT,164.16299438476562
2021-10-04,MSFT,159.48899841308594
2021-10-05,MSFT,161.0500030517578
2021-10-06,MSFT,163.10049438476562
2021-10-07,MSFT,165.1215057373047
2021-10-08,MSFT,164.43099975585938
2021-10-11,MSFT,162.31500244140625
2021-10-12,MSFT,162.3665008544922
2021-10-13,MSFT,164.21400451660156
2021-10-14,MSFT,164.9929962158203
2021-10-15,MSFT,170.4510040283203
2021-10-18,MSFT,172.33700561523438
2021-10-19,MSFT,172.20750427246094
2021-10-20,MSFT,170.7530059814453
2021-10-21,MSFT,171.75050354003906
2021-10-22,MSFT,166.77749633789062
2021-10-25,MSFT,166.01849365234375
2021-10-26,MSFT,168.80349731445312
2021-10-27,MSFT,169.62449645996094
2021-10-28,MSFT,172.32850646972656
2021-10-29,MSFT,168.6215057373047
2021-11-01,MSFT,165.90550231933594
2021-11-02,MSFT,165.6374969482422
2021-11-03,MSFT,169.1999969482422
2021-11-04,MSFT,173.85000610351562
2021-11-05,MSFT,175.94949340820312
2021-11-08,MSFT,174.44900512695312
2021-11-09,MSFT,178.81149291992188
2021-11-10,MSFT,174.1024932861328
2021-11-11,MSFT,173.625
2021-11-12,MSFT,176.25750732421875
2021-11-15,MSFT,177.28399658203125
2021-11-16,MSFT,177.03500366210938
2021-11-17,MSFT,177.4499969482422
2021-11-18,MSFT,184.80299377441406
2021-11-19,MSFT,183.82850646972656
2021-11-22,MSFT,178.6284942626953
2021-11-23,MSFT,179.0019989013672
2021-11-24,MSFT,179.02049255371094
2021-11-26,MSFT,175.22799682617188
2021-11-29,MSFT,178.07850646972656
2021-11-30,MSFT,175.35350036621094
2021-12-01,MSFT,172.18600463867188
2021-12-02,MSFT,171.8679962158203
2021-12-03,MSFT,169.489501953125
2021-12-06,MSFT,171.36849975585938
2021-12-07,MSFT,176.1645050048828
2021-12-08,MSFT,176.1580047607422
2021-12-09,MSFT,174.17100524902344
2021-12-10,MSFT,172.21200561523438
2021-12-13,MSFT,169.5675048828125
2021-12-14,MSFT,169.0915069580078
2021-12-15,MSFT,173.31500244140625
2021-12-16,MSFT,168.87100219726562
2021-12-17,MSFT,170.0175018310547
2021-12-20,MSFT,167.07899475097656
2021-12-21,MSFT,170.41700744628906
2021-12-22,MSFT,171.03700256347656
2021-12-23,MSFT,171.06849670410156
2021-12-27,MSFT,169.66949462890625
2021-12-28,MSFT,170.66099548339844
2021-12-29,MSFT,169.2010040283203
2021-12-30,MSFT,168.64450073242188
2021-12-31,MSFT,166.7169952392578
2022-01-03,MSFT,170.4044952392578
2022-01-04,MSFT,167.52200317382812
2022-01-05,MSFT,164.35699462890625
2022-01-06,MSFT,163.25399780273438
2022-01-07,MSFT,162.5540008544922
2022-01-10,MSFT,161.48599243164062
2022-01-11,MSFT,165.36199951171875
2022-01-12,MSFT,165.20700073242188
2022-01-13,MSFT,161.21400451660156
2022-01-14,MSFT,162.13800048828125
2022-01-18,MSFT,158.91749572753906
2022-01-19,MSFT,156.2989959716797
2022-01-20,MSFT,151.66749572753906
2022-01-21,MSFT,142.64300537109375
2022-01-24,MSFT,144.54400634765625
2022-01-25,MSFT,139.98599243164062
2022-01-26,MSFT,138.87249755859375
2022-01-27,MSFT,139.6374969482422
2022-01-28,MSFT,143.97799682617188
2022-01-31,MSFT,149.57350158691406
2022-02-01,MSFT,151.19349670410156
2022-02-02,MSFT,150.6125030517578
2022-02-03,MSFT,138.8455047607422
2022-02-04,MSFT,157.63949584960938
2022-02-07,MSFT,157.9355010986328
2022-02-08,MSFT,161.4134979248047
2022-02-09,MSFT,161.1894989013672
2022-02-10,MSFT,159.0034942626953
2022-02-11,MSFT,153.2935028076172
2022-02-14,MSFT,155.16700744628906
2022-02-15,MSFT,156.510498046875
2022-02-16,MSFT,158.10049438476562
2022-02-17,MSFT,154.65249633789062
2022-02-18,MSFT,152.60150146484375
2022-02-22,MSFT,150.19749450683594
2022-02-23,MSFT,144.82699584960938
2022-02-24,MSFT,151.35800170898438
2022-02-25,MSFT,153.7884979248047
2022-02-28,MSFT,153.56300354003906
2022-03-01,MSFT,151.14199829101562
2022-03-02,MSFT,152.05250549316406
2022-03-03,MSFT,147.89849853515625
2022-03-04,MSFT,145.64100646972656
2022-03-07,MSFT,137.4530029296875
2022-03-08,MSFT,136.01449584960938
2022-03-09,MSFT,139.2790069580078
2022-03-10,MSFT,146.8175048828125
2022-03-11,MSFT,145.52450561523438
2022-03-14,MSFT,141.85299682617188
2022-03-15,MSFT,147.3665008544922
2022-03-16,MSFT,153.10400390625
2022-03-17,MSFT,157.23899841308594
2022-03-18,MSFT,161.25050354003906
2022-03-21,MSFT,161.4915008544922
2022-03-22,MSFT,164.88900756835938
2022-03-23,MSFT,163.4080047607422
2022-03-24,MSFT,163.64950561523438
2022-03-25,MSFT,164.77349853515625
2022-03-28,MSFT,168.99049377441406
2022-03-29,MSFT,169.31500244140625
2022-03-30,MSFT,166.30099487304688
2022-03-31,MSFT,162.99749755859375
2022-04-01,MSFT,163.55999755859375
2022-04-04,MSFT,168.34649658203125
2022-04-05,MSFT,164.05499267578125
2022-04-06,MSFT,158.75599670410156
2022-04-07,MSFT,157.7845001220703
2022-04-08,MSFT,154.4604949951172
2022-04-11,MSFT,151.1219940185547
2022-04-12,MSFT,150.78750610351562
2022-04-13,MSFT,155.54100036621094
2022-04-14,MSFT,151.7064971923828
2022-04-18,MSFT,152.78500366210938
2022-04-19,MSFT,158.11549377441406
2022-04-20,MSFT,153.9980010986328
2022-04-21,MSFT,148.29600524902344
2022-04-22,MSFT,144.35000610351562
2022-04-25,MSFT,146.07400512695312
2022-04-26,MSFT,139.39100646972656
2022-04-27,MSFT,138.16700744628906
2022-04-28,MSFT,144.59649658203125
2022-04-29,MSFT,124.28150177001953
2022-05-02,MSFT,124.5
2022-05-03,MSFT,124.25350189208984
2022-05-04,MSFT,125.92849731445312
2022-05-05,MSFT,116.40699768066406
2022-05-06,MSFT,114.77249908447266
2022-05-09,MSFT,108.78900146484375
2022-05-10,MSFT,108.85900115966797
2022-05-11,MSFT,105.37200164794922
2022-05-12,MSFT,106.93049621582031
2022-05-13,MSFT,113.05500030517578
2022-05-16,MSFT,110.81050109863281
2022-05-17,MSFT,115.36849975585938
2022-05-18,MSFT,107.11250305175781
2022-05-19,MSFT,107.31900024414062
2022-05-20,MSFT,107.59100341796875
2022-05-23,MSFT,107.55699920654297
2022-05-24,MSFT,104.0999984741211
2022-05-25,MSFT,106.7750015258789
2022-05-26,MSFT,111.07749938964844
2022-05-27,MSFT,115.14649963378906
2022-05-31,MSFT,120.20950317382812
2022-06-01,MSFT,121.68399810791016
2022-06-02,MSFT,125.51100158691406
2022-06-03,MSFT,122.3499984741211
2022-06-06,MSFT,124.79000091552734
2022-06-07,MSFT,123.0
2022-06-08,MSFT,121.18000030517578
2022-06-09,MSFT,116.1500015258789
2022-06-10,MSFT,109.6500015258789
2022-06-13,MSFT,103.66999816894531
2022-06-14,MSFT,102.30999755859375
2022-06-15,MSFT,107.66999816894531
2022-06-16,MSFT,103.66000366210938
2022-06-17,MSFT,106.22000122070312
2022-06-21,MSFT,108.68000030517578
2022-06-22,MSFT,108.94999694824219
2022-06-23,MSFT,112.44000244140625
2022-06-24,MSFT,116.45999908447266
2022-06-27,MSFT,113.22000122070312
2022-06-28,MSFT,107.4000015258789
2022-06-29,MSFT,108.91999816894531
2022-06-30,MSFT,106.20999908447266
2022-07-01,MSFT,109.55999755859375
2022-07-05,MSFT,113.5
2022-07-06,MSFT,114.33000183105469
2022-07-07,MSFT,116.33000183105469
2022-07-08,MSFT,115.54000091552734
2022-07-11,MSFT,111.75
2022-07-12,MSFT,109.22000122070312
2022-07-13,MSFT,110.4000015258789
2022-07-14,MSFT,110.62999725341797
2022-07-15,MSFT,113.55000305175781
2022-07-18,MSFT,113.76000213623047
2022-07-19,MSFT,118.20999908447266
2022-07-20,MSFT,122.7699966430664
2022-07-21,MSFT,124.62999725341797
2022-07-22,MSFT,122.41999816894531
2022-07-25,MSFT,121.13999938964844
2022-07-26,MSFT,114.80999755859375
2022-07-27,MSFT,120.97000122070312
2022-07-28,MSFT,122.27999877929688
2022-07-29,MSFT,134.9499969482422
2022-08-01,MSFT,135.38999938964844
2022-08-02,MSFT,134.16000366210938
2022-08-03,MSFT,139.52000427246094
2022-08-04,MSFT,142.57000732421875
2022-08-05,MSFT,140.8000030517578
2022-08-08,MSFT,139.41000366210938
2022-08-09,MSFT,137.8300018310547
2022-08-10,MSFT,142.69000244140625
2022-08-11,MSFT,140.63999938964844
2022-08-12,MSFT,143.5500030517578
2022-08-15,MSFT,143.17999267578125
2022-08-16,MSFT,144.77999877929688
2022-08-17,MSFT,142.10000610351562
2022-08-18,MSFT,142.3000030517578
2022-08-19,MSFT,138.22999572753906
2022-08-22,MSFT,133.22000122070312
2022-08-23,MSFT,133.6199951171875
2022-08-24,MSFT,133.8000030517578
2022-08-25,MSFT,137.27999877929688
2022-08-26,MSFT,130.75
2022-08-29,MSFT,129.7899932861328
2022-08-30,MSFT,128.72999572753906
2022-08-31,MSFT,126.7699966430664
2022-09-01,MSFT,127.81999969482422
2022-09-02,MSFT,127.51000213623047
2022-09-06,MSFT,126.11000061035156
2022-09-07,MSFT,129.47999572753906
2022-09-08,MSFT,129.82000732421875
2022-09-09,MSFT,133.27000427246094
2022-09-12,MSFT,136.4499969482422
2022-09-13,MSFT,126.81999969482422
2022-09-14,MSFT,128.5500030517578
2022-09-15,MSFT,126.27999877929688
2022-09-16,MSFT,123.52999877929688
2022-09-19,MSFT,124.66000366210938
2022-09-20,MSFT,122.19000244140625
2022-09-21,MSFT,118.54000091552734
2022-09-22,MSFT,117.30999755859375
2022-09-23,MSFT,113.77999877929688
2022-09-26,MSFT,115.1500015258789
2022-09-27,MSFT,114.41000366210938
2022-09-28,MSFT,118.01000213623047
2022-09-29,MSFT,114.80000305175781
2022-09-30,MSFT,113.0
2022-10-03,MSFT,115.87999725341797
2022-10-04,MSFT,121.08999633789062
2022-10-05,MSFT,120.94999694824219
2022-10-06,MSFT,120.30000305175781
2022-10-07,MSFT,114.55999755859375
2022-10-10,MSFT,113.66999816894531
2022-10-11,MSFT,112.20999908447266
2022-10-12,MSFT,112.9000015258789
2022-10-13,MSFT,112.52999877929688
2022-10-14,MSFT,106.9000015258789
2022-10-17,MSFT,113.79000091552734
2022-10-18,MSFT,116.36000061035156
2022-10-19,MSFT,115.06999969482422
2022-10-20,MSFT,115.25
2022-10-21,MSFT,119.31999969482422
2022-10-24,MSFT,119.81999969482422
2022-10-25,MSFT,120.5999984741211
2022-10-26,MSFT,115.66000366210938
2022-10-27,MSFT,110.95999908447266
2022-10-28,MSFT,103.41000366210938
2022-10-31,MSFT,102.44000244140625
2022-11-01,MSFT,96.79000091552734
2022-11-02,MSFT,92.12000274658203
2022-11-03,MSFT,89.30000305175781
2022-11-04,MSFT,90.9800033569336
2022-11-07,MSFT,90.52999877929688
2022-11-08,MSFT,89.9800033569336
2022-11-09,MSFT,86.13999938964844
2022-11-10,MSFT,96.62999725341797
2022-11-11,MSFT,100.79000091552734
2022-11-14,MSFT,98.48999786376953
2022-11-15,MSFT,98.94000244140625
2022-11-16,MSFT,97.12000274658203
2022-11-17,MSFT,94.8499984741211
2022-11-18,MSFT,94.13999938964844
2022-11-21,MSFT,92.45999908447266
2022-11-22,MSFT,93.19999694824219
2022-11-23,MSFT,94.12999725341797
2022-11-25,MSFT,93.41000366210938
2022-11-28,MSFT,93.94999694824219
2022-11-29,MSFT,92.41999816894531
2022-11-30,MSFT,96.54000091552734
2022-12-01,MSFT,95.5
2022-12-02,MSFT,94.12999725341797
2022-12-05,MSFT,91.01000213623047
2022-12-06,MSFT,88.25
2022-12-07,MSFT,88.45999908447266
2022-12-08,MSFT,90.3499984741211
2022-12-09,MSFT,89.08999633789062
2022-12-12,MSFT,90.55000305175781
2022-12-13,MSFT,92.48999786376953
2022-12-14,MSFT,91.58000183105469
2022-12-15,MSFT,88.44999694824219
2022-12-16,MSFT,87.86000061035156
2022-12-19,MSFT,84.91999816894531
2022-12-20,MSFT,85.19000244140625
2022-12-21,MSFT,86.7699966430664
2022-12-22,MSFT,83.79000091552734
2022-12-23,MSFT,85.25
2022-12-27,MSFT,83.04000091552734
2022-12-28,MSFT,81.81999969482422
2022-12-29,MSFT,84.18000030517578
2022-12-30,MSFT,84.0
2023-01-03,MSFT,85.81999969482422
2023-01-04,MSFT,85.13999938964844
2023-01-05,MSFT,83.12000274658203
2023-01-06,MSFT,86.08000183105469
2023-01-09,MSFT,87.36000061035156
2023-01-10,MSFT,89.87000274658203
2023-01-11,MSFT,95.08999633789062
2023-01-12,MSFT,95.2699966430664
2023-01-13,MSFT,98.12000274658203
2023-01-17,MSFT,96.05000305175781
2023-01-18,MSFT,95.45999908447266
2023-01-19,MSFT,93.68000030517578
2023-01-20,MSFT,97.25
2023-01-23,MSFT,97.5199966430664
2023-01-24,MSFT,96.31999969482422
2023-01-25,MSFT,97.18000030517578
2023-01-26,MSFT,99.22000122070312
2023-01-27,MSFT,102.23999786376953
2023-01-30,MSFT,100.55000305175781
2023-01-31,MSFT,103.12999725341797
2023-02-01,MSFT,105.1500015258789
2023-02-02,MSFT,112.91000366210938
2023-02-03,MSFT,103.38999938964844
2023-02-06,MSFT,102.18000030517578
2023-02-07,MSFT,102.11000061035156
2023-02-08,MSFT,100.05000305175781
2023-02-09,MSFT,98.23999786376953
2023-02-10,MSFT,97.61000061035156
2023-02-13,MSFT,99.54000091552734
2023-02-14,MSFT,99.69999694824219
2023-02-15,MSFT,101.16000366210938
2023-02-16,MSFT,98.1500015258789
2023-02-17,MSFT,97.19999694824219
2023-02-21,MSFT,94.58000183105469
2023-02-22,MSFT,95.79000091552734
2023-02-23,MSFT,95.81999969482422
2023-02-24,MSFT,93.5
2023-02-27,MSFT,93.76000213623047
2023-02-28,MSFT,94.2300033569336
2023-03-01,MSFT,92.16999816894531
2023-03-02,MSFT,92.12999725341797
2023-03-03,MSFT,94.9000015258789
2023-03-06,MSFT,93.75
2023-03-07,MSFT,93.55000305175781
2023-03-08,MSFT,93.91999816894531
2023-03-09,MSFT,92.25
2023-03-10,MSFT,90.7300033569336
2023-03-13,MSFT,92.43000030517578
2023-03-14,MSFT,94.87999725341797
2023-03-15,MSFT,96.19999694824219
2023-03-16,MSFT,100.04000091552734
2023-03-17,MSFT,98.94999694824219
2023-03-20,MSFT,97.70999908447266
2023-03-21,MSFT,100.61000061035156
2023-03-22,MSFT,98.69999694824219
2023-03-23,MSFT,98.70999908447266
2023-03-24,MSFT,98.12999725341797
2023-03-27,MSFT,98.04000091552734
2023-03-28,MSFT,97.23999786376953
2023-03-29,MSFT,100.25
2023-03-30,MSFT,102.0
2023-03-31,MSFT,103.29000091552734
2023-04-03,MSFT,102.41000366210938
2023-04-04,MSFT,103.94999694824219
2023-04-05,MSFT,101.0999984741211
2023-04-06,MSFT,102.05999755859375
2023-04-10,MSFT,102.16999816894531
2023-04-11,MSFT,99.91999816894531
2023-04-12,MSFT,97.83000183105469
2023-04-13,MSFT,102.4000015258789
2023-04-14,MSFT,102.51000213623047
2023-04-17,MSFT,102.73999786376953
2023-04-18,MSFT,102.30000305175781
2023-04-19,MSFT,104.30000305175781
2023-04-20,MSFT,103.80999755859375
2023-04-21,MSFT,106.95999908447266
2023-04-24,MSFT,106.20999908447266
2023-04-25,MSFT,102.56999969482422
2023-04-26,MSFT,104.9800033569336
2023-04-27,MSFT,109.81999969482422
2023-04-28,MSFT,105.44999694824219
2023-05-01,MSFT,102.05000305175781
2023-05-02,MSFT,103.62999725341797
2023-05-03,MSFT,103.6500015258789
2023-05-04,MSFT,104.0
2023-05-05,MSFT,105.66000366210938
2023-05-08,MSFT,105.83000183105469
2023-05-09,MSFT,106.62000274658203
2023-05-10,MSFT,110.19000244140625
2023-05-11,MSFT,112.18000030517578
2023-05-12,MSFT,110.26000213623047
2023-05-15,MSFT,111.19999694824219
2023-05-16,MSFT,113.4000015258789
2023-05-17,MSFT,115.5
2023-05-18,MSFT,118.1500015258789
2023-05-19,MSFT,116.25
2023-05-22,MSFT,115.01000213623047
2023-05-23,MSFT,114.98999786376953
2023-05-24,MSFT,116.75
2023-05-25,MSFT,115.0
2023-05-26,MSFT,120.11000061035156
2023-05-30,MSFT,121.66000366210938
2023-05-31,MSFT,120.58000183105469
2023-06-01,MSFT,122.7699966430664
2023-06-02,MSFT,124.25
2023-06-05,MSFT,125.30000305175781
2023-06-06,MSFT,126.61000061035156
2023-06-07,MSFT,121.2300033569336
2023-06-08,MSFT,124.25
2023-06-09,MSFT,123.43000030517578
2023-06-12,MSFT,126.56999969482422
2023-06-13,MSFT,126.66000366210938
2023-06-14,MSFT,126.41999816894531
2023-06-15,MSFT,127.11000061035156
2023-06-16,MSFT,125.48999786376953
2023-06-20,MSFT,125.77999877929688
2023-06-21,MSFT,124.83000183105469
2023-06-22,MSFT,130.14999389648438
2023-06-23,MSFT,129.3300018310547
2023-06-26,MSFT,127.33000183105469
2023-06-27,MSFT,129.17999267578125
2023-06-28,MSFT,129.0399932861328
2023-06-29,MSFT,127.9000015258789
2023-06-30,MSFT,130.36000061035156
2023-07-03,MSFT,130.22000122070312
2023-07-05,MSFT,130.3800048828125
2023-07-06,MSFT,128.36000061035156
2023-07-07,MSFT,129.77999877929688
2023-07-10,MSFT,127.12999725341797
2023-07-11,MSFT,128.77999877929688
2023-07-12,MSFT,130.8000030517578
2023-07-13,MSFT,134.3000030517578
2023-07-14,MSFT,134.67999267578125
2023-07-17,MSFT,133.55999755859375
2023-07-18,MSFT,132.8300018310547
2023-07-19,MSFT,135.36000061035156
2023-07-20,MSFT,129.9600067138672
2023-07-21,MSFT,130.0
2023-07-24,MSFT,128.8000030517578
2023-07-25,MSFT,129.1300048828125
2023-07-26,MSFT,128.14999389648438
2023-07-27,MSFT,128.25
2023-07-28,MSFT,132.2100067138672
2023-07-31,MSFT,133.67999267578125
2023-08-01,MSFT,131.69000244140625
2023-08-02,MSFT,128.2100067138672
2023-08-03,MSFT,128.91000366210938
2023-08-04,MSFT,139.57000732421875
2023-08-07,MSFT,142.22000122070312
2023-08-08,MSFT,139.94000244140625
2023-08-09,MSFT,137.85000610351562
2023-08-10,MSFT,138.55999755859375
2023-08-11,MSFT,138.41000366210938
2023-08-14,MSFT,140.57000732421875
2023-08-15,MSFT,137.6699981689453
2023-08-16,MSFT,135.07000732421875
2023-08-17,MSFT,133.97999572753906
2023-08-18,MSFT,133.22000122070312
2023-08-21,MSFT,134.67999267578125
2023-08-22,MSFT,134.25
2023-08-23,MSFT,135.52000427246094
2023-08-24,MSFT,131.83999633789062
2023-08-25,MSFT,133.25999450683594
2023-08-28,MSFT,133.13999938964844
2023-08-29,MSFT,134.91000366210938
2023-08-30,MSFT,135.07000732421875
2023-08-31,MSFT,138.00999450683594
2023-09-01,MSFT,138.1199951171875
2023-09-05,MSFT,137.27000427246094
2023-09-06,MSFT,135.36000061035156
2023-09-07,MSFT,137.85000610351562
2023-09-08,MSFT,138.22999572753906
2023-09-11,MSFT,143.10000610351562
2023-09-12,MSFT,141.22999572753906
2023-09-13,MSFT,144.85000610351562
2023-09-14,MSFT,144.72000122070312
2023-09-15,MSFT,140.38999938964844
2023-09-18,MSFT,139.97999572753906
2023-09-19,MSFT,137.6300048828125
2023-09-20,MSFT,135.2899932861328
2023-09-21,MSFT,129.3300018310547
2023-09-22,MSFT,129.1199951171875
2023-09-25,MSFT,131.27000427246094
2023-09-26,MSFT,125.9800033569336
2023-09-27,MSFT,125.9800033569336
2023-09-28,MSFT,125.9800033569336
2023-09-29,MSFT,127.12000274658203
2023-10-02,MSFT,129.4600067138672
2023-10-03,MSFT,124.72000122070312
2023-10-04,MSFT,127.0
2023-10-05,MSFT,125.95999908447266
2023-10-06,MSFT,127.95999908447266
2023-10-09,MSFT,128.25999450683594
2023-10-10,MSFT,129.47999572753906
2023-10-11,MSFT,131.8300018310547
2023-10-12,MSFT,132.3300018310547
2023-10-13,MSFT,129.7899932861328
2023-10-16,MSFT,132.5500030517578
2023-10-17,MSFT,131.47000122070312
2023-10-18,MSFT,128.1300048828125
2023-10-19,MSFT,128.39999389648438
2023-10-20,MSFT,125.16999816894531
2023-10-23,MSFT,126.55999755859375
2023-10-24,MSFT,128.55999755859375
2023-10-25,MSFT,121.38999938964844
2023-10-26,MSFT,119.56999969482422
2023-10-27,MSFT,127.73999786376953
2023-10-30,MSFT,132.7100067138672
2023-10-31,MSFT,133.08999633789062
2023-11-01,MSFT,137.0
2023-11-02,MSFT,138.07000732421875
2023-11-03,MSFT,138.60000610351562
2023-11-06,MSFT,139.74000549316406
2023-11-07,MSFT,142.7100067138672
2023-11-08,MSFT,142.0800018310547
2023-11-09,MSFT,140.60000610351562
2023-11-10,MSFT,143.55999755859375
2023-11-13,MSFT,142.58999633789062
2023-11-14,MSFT,145.8000030517578
2023-11-15,MSFT,143.1999969482422
2023-11-16,MSFT,142.8300018310547
2023-11-17,MSFT,145.17999267578125
2023-11-20,MSFT,146.1300048828125
2023-11-21,MSFT,143.89999389648438
2023-11-22,MSFT,146.7100067138672
2023-11-24,MSFT,146.74000549316406
2023-11-27,MSFT,147.72999572753906
2023-11-28,MSFT,147.02999877929688
2023-11-29,MSFT,146.32000732421875
2023-11-30,MSFT,146.08999633789062
2023-12-01,MSFT,147.02999877929688
2023-12-04,MSFT,144.83999633789062
2023-12-05,MSFT,146.8800048828125
2023-12-06,MSFT,144.52000427246094
2023-12-07,MSFT,146.8800048828125
2023-12-08,MSFT,147.4199981689453
2023-12-11,MSFT,145.88999938964844
2023-12-12,MSFT,147.47999572753906
2023-12-13,MSFT,148.83999633789062
2023-12-14,MSFT,147.4199981689453
2023-12-15,MSFT,149.97000122070312
2023-12-18,MSFT,154.07000732421875
2023-12-19,MSFT,153.7899932861328
2023-12-20,MSFT,152.1199951171875
2023-12-21,MSFT,153.83999633789062
2023-12-22,MSFT,153.4199981689453
2023-12-26,MSFT,153.41000366210938
2023-12-27,MSFT,153.33999633789062
2023-12-28,MSFT,153.3800048828125
2023-12-29,MSFT,151.94000244140625
2024-01-02,MSFT,149.92999267578125
2024-01-03,MSFT,148.47000122070312
2024-01-04,MSFT,144.57000732421875
2024-01-05,MSFT,145.24000549316406
2024-01-08,MSFT,149.10000610351562
2024-01-09,MSFT,151.3699951171875
2024-01-10,MSFT,153.72999572753906
2024-01-11,MSFT,155.17999267578125
2024-01-12,MSFT,154.6199951171875
2024-01-16,MSFT,153.16000366210938
2024-01-17,MSFT,151.7100067138672
2024-01-18,MSFT,153.5
2024-01-19,MSFT,155.33999633789062
2024-01-22,MSFT,154.77999877929688
2024-01-23,MSFT,156.02000427246094
2024-01-24,MSFT,156.8699951171875
2024-01-25,MSFT,157.75
2024-01-26,MSFT,159.1199951171875
2024-01-29,MSFT,161.25999450683594
2024-01-30,MSFT,159.0
2024-01-31,MSFT,155.1999969482422
2024-02-01,MSFT,159.27999877929688
2024-02-02,MSFT,171.80999755859375
2024-02-05,MSFT,170.30999755859375
2024-02-06,MSFT,169.14999389648438
2024-02-07,MSFT,170.52999877929688
2024-02-08,MSFT,169.83999633789062
2024-02-09,MSFT,174.4499969482422
2024-02-12,MSFT,172.33999633789062
2024-02-13,MSFT,168.63999938964844
2024-02-14,MSFT,170.97999572753906
2024-02-15,MSFT,169.8000030517578
2024-02-16,MSFT,169.50999450683594
2024-02-20,MSFT,167.0800018310547
2024-02-21,MSFT,168.58999633789062
2024-02-22,MSFT,174.5800018310547
2024-02-23,MSFT,174.99000549316406
2024-02-26,MSFT,174.72999572753906
2024-02-27,MSFT,173.5399932861328
2024-02-28,MSFT,173.16000366210938
2024-02-29,MSFT,176.75999450683594
2024-03-01,MSFT,178.22000122070312
2024-03-04,MSFT,177.5800018310547
2024-03-05,MSFT,174.1199951171875
2024-03-06,MSFT,173.50999450683594
2024-03-07,MSFT,176.82000732421875
2024-03-08,MSFT,175.35000610351562
2024-03-11,MSFT,171.9600067138672
2024-03-12,MSFT,175.38999938964844
2024-03-13,MSFT,176.55999755859375
2024-03-14,MSFT,178.75
2024-03-15,MSFT,174.4199981689453
2024-03-18,MSFT,174.47999572753906
2024-03-19,MSFT,175.89999389648438
2024-03-20,MSFT,178.14999389648438
2024-03-21,MSFT,178.14999389648438
2024-03-22,MSFT,178.8699951171875
2024-03-25,MSFT,179.7100067138672
2024-03-26,MSFT,178.3000030517578
2024-03-27,MSFT,179.8300018310547
2024-03-28,MSFT,180.3800048828125
2024-04-01,MSFT,180.97000122070312
2024-04-02,MSFT,180.69000244140625
2024-04-03,MSFT,182.41000366210938
2024-04-04,MSFT,180.0
2024-04-05,MSFT,185.07000732421875
2024-04-08,MSFT,185.19000244140625
2024-04-09,MSFT,185.6699981689453
2024-04-10,MSFT,185.9499969482422
2024-04-11,MSFT,189.0500030517578
2024-04-12,MSFT,186.1300048828125
2024-04-15,MSFT,183.6199951171875
2024-04-16,MSFT,183.32000732421875
2024-04-17,MSFT,181.27999877929688
2024-04-18,MSFT,179.22000122070312
2024-04-19,MSFT,174.6300048828125
2024-04-22,MSFT,177.22999572753906
2024-04-23,MSFT,179.5399932861328
2024-04-24,MSFT,176.58999633789062
2024-04-25,MSFT,173.6699981689453
2024-04-26,MSFT,179.6199951171875
2024-04-29,MSFT,180.9600067138672
2024-04-30,MSFT,175.0
2024-05-01,MSFT,179.0
2024-05-02,MSFT,184.72000122070312
2024-05-03,MSFT,186.2100067138672
2024-05-06,MSFT,188.6999969482422
2024-05-07,MSFT,188.75999450683594
2024-05-08,MSFT,188.0
2024-05-09,MSFT,189.5
2024-05-10,MSFT,187.47999572753906
2024-05-13,MSFT,186.57000732421875
2024-05-14,MSFT,187.07000732421875
2024-05-15,MSFT,185.99000549316406
2024-05-16,MSFT,183.6300048828125
2024-05-17,MSFT,184.6999969482422
2024-05-20,MSFT,183.5399932861328
2024-05-21,MSFT,183.14999389648438
2024-05-22,MSFT,183.1300048828125
2024-05-23,MSFT,181.0500030517578
2024-05-24,MSFT,180.75
2024-05-28,MSFT,182.14999389648438
2024-05-29,MSFT,182.02000427246094
2024-05-30,MSFT,179.32000732421875
2024-05-31,MSFT,176.44000244140625
2024-06-03,MSFT,178.33999633789062
2024-06-04,MSFT,179.33999633789062
2024-06-05,MSFT,181.27999877929688
2024-06-06,MSFT,185.0
2024-06-07,MSFT,184.3000030517578
2024-06-10,MSFT,187.05999755859375
2024-06-11,MSFT,187.22999572753906
2024-06-12,MSFT,186.88999938964844
2024-06-13,MSFT,183.8300018310547
2024-06-14,MSFT,183.66000366210938
2024-06-17,MSFT,184.05999755859375
2024-06-18,MSFT,182.80999755859375
2024-06-20,MSFT,186.10000610351562
2024-06-21,MSFT,189.0800018310547
2024-06-24,MSFT,185.57000732421875
2024-06-25,MSFT,186.33999633789062
2024-06-26,MSFT,193.61000061035156
2024-06-27,MSFT,197.85000610351562
2024-06-28,MSFT,193.25
2024-07-01,MSFT,197.1999969482422
2024-07-02,MSFT,200.0
2024-07-03,MSFT,197.58999633789062
2024-07-05,MSFT,200.0
2024-07-08,MSFT,199.2899932861328
2024-07-09,MSFT,199.33999633789062
2024-07-10,MSFT,199.7899932861328
2024-07-11,MSFT,195.0500030517578
2024-07-12,MSFT,194.49000549316406
2024-07-15,MSFT,192.72000122070312
2024-07-16,MSFT,193.02000427246094
2024-07-17,MSFT,187.92999267578125
2024-07-18,MSFT,183.75
2024-07-19,MSFT,183.1300048828125
2024-07-22,MSFT,182.5500030517578
2024-07-23,MSFT,186.41000366210938
2024-07-24,MSFT,180.8300018310547
2024-07-25,MSFT,179.85000610351562
2024-07-26,MSFT,182.5
2024-07-29,MSFT,183.1999969482422
2024-07-30,MSFT,181.7100067138672
2024-07-31,MSFT,186.97999572753906
2024-08-01,MSFT,184.07000732421875
2024-08-02,MSFT,167.89999389648438
2024-08-05,MSFT,161.02000427246094
2024-08-06,MSFT,161.92999267578125
2024-08-07,MSFT,162.77000427246094
2024-08-08,MSFT,165.8000030517578
2024-08-09,MSFT,166.94000244140625
2024-08-12,MSFT,166.8000030517578
2024-08-13,MSFT,170.22999572753906
2024-08-14,MSFT,170.10000610351562
2024-08-15,MSFT,177.58999633789062
2024-08-16,MSFT,177.05999755859375
2024-08-19,MSFT,178.22000122070312
2024-08-20,MSFT,178.8800048828125
2024-08-21,MSFT,180.11000061035156
2024-08-22,MSFT,176.1300048828125
2024-08-23,MSFT,177.0399932861328
2024-08-26,MSFT,175.5
2024-08-27,MSFT,173.1199951171875
2024-08-28,MSFT,170.8000030517578
2024-08-29,MSFT,172.1199951171875
2024-08-30,MSFT,178.5
2024-09-03,MSFT,176.25
2024-09-04,MSFT,173.3300018310547
2024-09-05,MSFT,177.88999938964844
2024-09-06,MSFT,171.38999938964844
2024-09-09,MSFT,175.39999389648438
2024-09-10,MSFT,179.5500030517578
2024-09-11,MSFT,184.52000427246094
2024-09-12,MSFT,187.0
2024-09-13,MSFT,186.49000549316406
2024-09-16,MSFT,184.88999938964844
2024-09-17,MSFT,186.8800048828125
2024-09-18,MSFT,186.42999267578125
2024-09-19,MSFT,189.8699951171875
2024-09-20,MSFT,191.60000610351562
2024-09-23,MSFT,193.8800048828125
2024-09-24,MSFT,193.9600067138672
2024-09-25,MSFT,192.52999877929688
2024-09-26,MSFT,191.16000366210938
2024-09-27,MSFT,187.97000122070312
2024-09-30,MSFT,186.3300018310547
2024-10-01,MSFT,185.1300048828125
2024-10-02,MSFT,184.75999450683594
2024-10-03,MSFT,181.9600067138672
2024-10-04,MSFT,186.50999450683594
2024-10-07,MSFT,180.8000030517578
2024-10-08,MSFT,182.72000122070312
2024-10-09,MSFT,185.1699981689453
2024-10-10,MSFT,186.64999389648438
2024-10-11,MSFT,188.82000732421875
2024-10-14,MSFT,187.5399932861328
2024-10-15,MSFT,187.69000244140625
2024-10-16,MSFT,186.88999938964844
2024-10-17,MSFT,187.52999877929688
2024-10-18,MSFT,188.99000549316406
2024-10-21,MSFT,189.07000732421875
2024-10-22,MSFT,189.6999969482422
2024-10-23,MSFT,184.7100067138672
2024-10-24,MSFT,186.3800048828125
2024-10-25,MSFT,187.8300018310547
2024-10-28,MSFT,188.38999938964844
2024-10-29,MSFT,190.8300018310547
2024-10-30,MSFT,192.72999572753906
2024-10-31,MSFT,186.39999389648438
2024-11-01,MSFT,197.92999267578125
2024-11-04,MSFT,195.77999877929688
2024-11-05,MSFT,199.5
2024-11-06,MSFT,207.08999633789062
2024-11-07,MSFT,210.0500030517578
2024-11-08,MSFT,208.17999267578125
2024-11-11,MSFT,206.83999633789062
2024-11-12,MSFT,208.91000366210938
2024-11-13,MSFT,214.10000610351562
2024-11-14,MSFT,211.47999572753906
2024-11-15,MSFT,202.61000061035156
2024-11-18,MSFT,201.6999969482422
2024-11-19,MSFT,204.61000061035156
2024-11-20,MSFT,202.8800048828125
2024-11-21,MSFT,198.3800048828125
2024-11-22,MSFT,197.1199951171875
2024-11-25,MSFT,201.4499969482422
2024-11-26,MSFT,207.86000061035156
2024-11-27,MSFT,205.74000549316406
2024-11-29,MSFT,207.88999938964844
2024-12-02,MSFT,210.7100067138672
2024-12-03,MSFT,213.44000244140625
2024-12-04,MSFT,218.16000366210938
2024-12-05,MSFT,220.5500030517578
2024-12-06,MSFT,227.02999877929688
2024-12-09,MSFT,226.08999633789062
2024-12-10,MSFT,225.0399932861328
2024-12-11,MSFT,230.25999450683594
2024-12-12,MSFT,228.97000122070312
2024-12-13,MSFT,227.4600067138672
2024-12-16,MSFT,232.92999267578125
2024-12-17,MSFT,231.14999389648438
2024-12-18,MSFT,220.52000427246094
2024-12-19,MSFT,223.2899932861328
2024-12-20,MSFT,224.9199981689453
2024-12-23,MSFT,225.05999755859375
2024-12-24,MSFT,229.0500030517578
2024-12-26,MSFT,227.0500030517578
2024-12-27,MSFT,223.75
2024-12-30,MSFT,221.3000030517578
2024-12-31,MSFT,219.38999938964844
2025-01-02,MSFT,220.22000122070312
2025-01-03,MSFT,224.19000244140625
2025-01-06,MSFT,227.61000061035156
2025-01-07,MSFT,222.11000061035156
2025-01-08,MSFT,222.1300048828125
2025-01-10,MSFT,218.94000244140625
2025-01-13,MSFT,218.4600067138672
2025-01-14,MSFT,217.75999450683594
2025-01-15,MSFT,223.35000610351562
2025-01-16,MSFT,220.66000366210938
2025-01-17,MSFT,225.94000244140625
2025-01-21,MSFT,230.7100067138672
2025-01-22,MSFT,235.00999450683594
2025-01-23,MSFT,235.4199981689453
2025-01-24,MSFT,234.85000610351562
2025-01-27,MSFT,235.4199981689453
2025-01-28,MSFT,238.14999389648438
2025-01-29,MSFT,237.07000732421875
2025-01-30,MSFT,234.63999938964844
2025-01-31,MSFT,237.67999267578125
2025-02-03,MSFT,237.4199981689453
2025-02-04,MSFT,242.05999755859375
2025-02-05,MSFT,236.1699981689453
2025-02-06,MSFT,238.8300018310547
2025-02-07,MSFT,229.14999389648438
2025-02-10,MSFT,233.13999938964844
2025-02-11,MSFT,232.75999450683594
2025-02-12,MSFT,228.92999267578125
2025-02-13,MSFT,230.3699951171875
2025-02-14,MSFT,228.67999267578125
2025-02-18,MSFT,226.64999389648438
2025-02-19,MSFT,226.6300048828125
2025-02-20,MSFT,222.8800048828125
2025-02-21,MSFT,216.5800018310547
2025-02-24,MSFT,212.7100067138672
2025-02-25,MSFT,212.8000030517578
2025-02-26,MSFT,214.35000610351562
2025-02-27,MSFT,208.74000549316406
2025-02-28,MSFT,212.27999877929688
2025-03-03,MSFT,205.02000427246094
2025-03-04,MSFT,203.8000030517578
2025-03-05,MSFT,208.36000061035156
2025-03-06,MSFT,200.6999969482422
2025-03-07,MSFT,199.25
2025-03-10,MSFT,194.5399932861328
2025-03-11,MSFT,196.58999633789062
2025-03-12,MSFT,198.88999938964844
2025-03-13,MSFT,193.88999938964844
2025-03-14,MSFT,197.9499969482422
2025-03-17,MSFT,195.74000549316406
2025-03-18,MSFT,192.82000732421875
2025-03-19,MSFT,195.5399932861328
2025-03-20,MSFT,194.9499969482422
2025-03-21,MSFT,196.2100067138672
2025-03-24,MSFT,203.25999450683594
2025-03-25,MSFT,205.7100067138672
2025-03-26,MSFT,201.1300048828125
2025-03-27,MSFT,201.36000061035156
2025-03-28,MSFT,192.72000122070312
2025-03-31,MSFT,190.25999450683594
2025-04-01,MSFT,192.1699981689453
2025-04-02,MSFT,196.00999450683594
2025-04-03,MSFT,178.41000366210938
2025-04-04,MSFT,171.0
2025-04-07,MSFT,175.25999450683594
2025-04-08,MSFT,170.66000366210938
2025-04-09,MSFT,191.10000610351562
2025-04-10,MSFT,181.22000122070312
2025-04-11,MSFT,184.8699951171875
2025-04-14,MSFT,182.1199951171875
2025-04-15,MSFT,179.58999633789062
2025-04-16,MSFT,174.3300018310547
2025-04-17,MSFT,172.61000061035156
2025-04-21,MSFT,167.32000732421875
2025-04-22,MSFT,173.17999267578125
2025-04-23,MSFT,180.60000610351562
2025-04-24,MSFT,186.5399932861328
2025-04-25,MSFT,188.99000549316406
2025-04-28,MSFT,187.6999969482422
2025-04-29,MSFT,187.38999938964844
2025-04-30,MSFT,184.4199981689453
2025-05-01,MSFT,190.1999969482422
2025-05-02,MSFT,189.97999572753906
2025-05-05,MSFT,186.35000610351562
2025-05-06,MSFT,185.00999450683594
2025-05-07,MSFT,188.7100067138672
2025-05-08,MSFT,192.0800018310547
2025-05-09,MSFT,193.05999755859375
2025-05-12,MSFT,208.63999938964844
2025-05-13,MSFT,211.3699951171875
2025-05-14,MSFT,210.25
2025-05-15,MSFT,205.1699981689453
2025-05-16,MSFT,205.58999633789062
2025-05-19,MSFT,206.16000366210938
2025-05-20,MSFT,204.07000732421875
2025-05-21,MSFT,201.1199951171875
2025-05-22,MSFT,203.10000610351562
2025-05-23,MSFT,200.99000549316406
2025-05-27,MSFT,206.02000427246094
2025-05-28,MSFT,204.72000122070312
2025-05-29,MSFT,205.6999969482422
2025-05-30,MSFT,205.00999450683594
2025-06-02,MSFT,206.64999389648438
2025-06-03,MSFT,205.7100067138672
2025-06-04,MSFT,207.22999572753906
2025-06-05,MSFT,207.91000366210938
2025-06-06,MSFT,213.57000732421875
2025-06-09,MSFT,216.97999572753906
2025-06-10,MSFT,217.61000061035156
2025-06-11,MSFT,213.1999969482422
2025-06-12,MSFT,213.24000549316406
2025-06-13,MSFT,212.10000610351562
2025-06-16,MSFT,216.10000610351562
2025-06-17,MSFT,214.82000732421875
2025-06-18,MSFT,212.52000427246094
2025-06-20,MSFT,209.69000244140625
2025-06-23,MSFT,208.47000122070312
2025-06-24,MSFT,212.77000427246094
2025-06-25,MSFT,211.99000549316406
2025-06-26,MSFT,217.1199951171875
2025-06-27,MSFT,223.3000030517578
2025-06-30,MSFT,219.38999938964844
2025-07-01,MSFT,220.4600067138672
2025-07-02,MSFT,219.9199981689453
2025-07-03,MSFT,223.41000366210938
2025-07-07,MSFT,223.47000122070312
2025-07-08,MSFT,219.36000061035156
2025-07-09,MSFT,222.5399932861328
2025-07-10,MSFT,222.25999450683594
2025-07-11,MSFT,225.02000427246094
2025-07-14,MSFT,225.69000244140625
2025-07-15,MSFT,226.35000610351562
2025-07-16,MSFT,223.19000244140625
2025-07-17,MSFT,223.8800048828125
2025-07-18,MSFT,226.1300048828125
2025-07-21,MSFT,229.3000030517578
2025-07-22,MSFT,227.47000122070312
2025-07-23,MSFT,228.2899932861328
2025-07-24,MSFT,232.22999572753906
2025-07-25,MSFT,231.44000244140625
2025-07-28,MSFT,232.7899932861328
2025-07-29,MSFT,231.00999450683594
2025-07-30,MSFT,230.19000244140625
2025-07-31,MSFT,234.11000061035156
2025-08-01,MSFT,214.75
2025-08-04,MSFT,211.64999389648438
2025-08-05,MSFT,213.75
2025-08-06,MSFT,222.30999755859375
2025-08-07,MSFT,223.1300048828125
2025-08-08,MSFT,222.69000244140625
2025-08-11,MSFT,221.3000030517578
2025-08-12,MSFT,221.47000122070312
2025-08-13,MSFT,224.55999755859375
2025-08-14,MSFT,230.97999572753906
2025-08-15,MSFT,231.02999877929688
2025-08-18,MSFT,231.49000549316406
2025-08-19,MSFT,228.00999450683594
2025-08-20,MSFT,223.80999755859375
2025-08-21,MSFT,221.9499969482422
2025-08-22,MSFT,228.83999633789062
2025-08-25,MSFT,227.94000244140625
2025-08-26,MSFT,228.7100067138672
2025-08-27,MSFT,229.1199951171875
2025-08-28,MSFT,231.60000610351562
2025-08-29,MSFT,229.0
2025-09-02,MSFT,225.33999633789062
2025-09-03,MSFT,225.99000549316406
2025-09-04,MSFT,235.67999267578125
2025-09-05,MSFT,232.3300018310547
2025-09-08,MSFT,235.83999633789062
2025-09-09,MSFT,238.24000549316406
2025-09-10,MSFT,230.3300018310547
2025-09-11,MSFT,229.9499969482422
2025-09-12,MSFT,228.14999389648438
2020-01-02,GOOGL,67.9652328491211
2020-01-03,GOOGL,67.60968780517578
2020-01-06,GOOGL,69.41175842285156
2020-01-07,GOOGL,69.27769470214844
2020-01-08,GOOGL,69.7707748413086
2020-01-09,GOOGL,70.50323486328125
2020-01-10,GOOGL,70.9585952758789
2020-01-13,GOOGL,71.50830078125
2020-01-14,GOOGL,71.03953552246094
2020-01-15,GOOGL,71.46709442138672
2020-01-16,GOOGL,72.01133728027344
2020-01-17,GOOGL,73.46926879882812
2020-01-21,GOOGL,73.60484313964844
2020-01-22,GOOGL,73.6852798461914
2020-01-23,GOOGL,73.72599029541016
2020-01-24,GOOGL,72.80635070800781
2020-01-27,GOOGL,71.09614562988281
2020-01-28,GOOGL,72.02821350097656
2020-01-29,GOOGL,72.33609008789062
2020-01-30,GOOGL,72.21443176269531
2020-01-31,GOOGL,71.14827728271484
2020-02-03,GOOGL,73.62220764160156
2020-02-04,GOOGL,71.77545928955078
2020-02-05,GOOGL,71.80723571777344
2020-02-06,GOOGL,73.2929916381836
2020-02-07,GOOGL,73.44892120361328
2020-02-10,GOOGL,74.91630554199219
2020-02-11,GOOGL,74.98580932617188
2020-02-12,GOOGL,75.41139221191406
2020-02-13,GOOGL,75.15117645263672
2020-02-14,GOOGL,75.41634368896484
2020-02-18,GOOGL,75.45160675048828
2020-02-19,GOOGL,75.72123718261719
2020-02-20,GOOGL,75.3299331665039
2020-02-21,GOOGL,73.66492462158203
2020-02-24,GOOGL,70.50670623779297
2020-02-25,GOOGL,68.84120178222656
2020-02-26,GOOGL,69.04727935791016
2020-02-27,GOOGL,65.29713439941406
2020-02-28,GOOGL,66.50382232666016
2020-03-02,GOOGL,68.84120178222656
2020-03-03,GOOGL,66.42784118652344
2020-03-04,GOOGL,68.6068115234375
2020-03-05,GOOGL,65.28770446777344
2020-03-06,GOOGL,64.34321594238281
2020-03-09,GOOGL,60.37310028076172
2020-03-10,GOOGL,63.3217658996582
2020-03-11,GOOGL,60.130271911621094
2020-03-12,GOOGL,55.19680404663086
2020-03-13,GOOGL,60.29762268066406
2020-03-16,GOOGL,53.28250503540039
2020-03-17,GOOGL,55.52007293701172
2020-03-18,GOOGL,54.1857795715332
2020-03-19,GOOGL,55.2027587890625
2020-03-20,GOOGL,53.044647216796875
2020-03-23,GOOGL,52.34546661376953
2020-03-24,GOOGL,56.11348342895508
2020-03-25,GOOGL,54.703704833984375
2020-03-26,GOOGL,57.747711181640625
2020-03-27,GOOGL,55.132747650146484
2020-03-30,GOOGL,56.92289733886719
2020-03-31,GOOGL,57.69953918457031
2020-04-01,GOOGL,54.7275390625
2020-04-02,GOOGL,55.46892547607422
2020-04-03,GOOGL,54.2607536315918
2020-04-06,GOOGL,58.7542724609375
2020-04-07,GOOGL,58.72298049926758
2020-04-08,GOOGL,59.936607360839844
2020-04-09,GOOGL,59.91525650024414
2020-04-13,GOOGL,60.10594177246094
2020-04-14,GOOGL,62.82817459106445
2020-04-15,GOOGL,62.434391021728516
2020-04-16,GOOGL,62.44084167480469
2020-04-17,GOOGL,63.5119514465332
2020-04-20,GOOGL,62.62556838989258
2020-04-21,GOOGL,60.192848205566406
2020-04-22,GOOGL,62.489505767822266
2020-04-23,GOOGL,63.123130798339844
2020-04-24,GOOGL,63.39277648925781
2020-04-27,GOOGL,63.10773849487305
2020-04-28,GOOGL,61.20734786987305
2020-04-29,GOOGL,66.64932250976562
2020-04-30,GOOGL,66.87376403808594
2020-05-01,GOOGL,65.4148178100586
2020-05-04,GOOGL,65.6919174194336
2020-05-05,GOOGL,66.98897552490234
2020-05-06,GOOGL,66.81070709228516
2020-05-07,GOOGL,67.99503326416016
2020-05-08,GOOGL,68.74288177490234
2020-05-11,GOOGL,69.69877624511719
2020-05-12,GOOGL,68.28800964355469
2020-05-13,GOOGL,66.95470428466797
2020-05-14,GOOGL,67.37828826904297
2020-05-15,GOOGL,68.1827392578125
2020-05-18,GOOGL,68.78458404541016
2020-05-19,GOOGL,68.24927520751953
2020-05-20,GOOGL,69.97537231445312
2020-05-21,GOOGL,69.85570526123047
2020-05-22,GOOGL,70.177978515625
2020-05-26,GOOGL,70.5816879272461
2020-05-27,GOOGL,70.5275650024414
2020-05-28,GOOGL,70.42626190185547
2020-05-29,GOOGL,71.1850357055664
2020-06-01,GOOGL,71.25206756591797
2020-06-02,GOOGL,71.62152099609375
2020-06-03,GOOGL,71.46956634521484
2020-06-04,GOOGL,70.23060607910156
2020-06-05,GOOGL,71.50779724121094
2020-06-08,GOOGL,71.90605163574219
2020-06-09,GOOGL,72.1066665649414
2020-06-10,GOOGL,72.73334503173828
2020-06-11,GOOGL,69.61486053466797
2020-06-12,GOOGL,70.1620864868164
2020-06-15,GOOGL,70.55039978027344
2020-06-16,GOOGL,71.82809448242188
2020-06-17,GOOGL,72.1295166015625
2020-06-18,GOOGL,71.21483612060547
2020-06-19,GOOGL,70.74407958984375
2020-06-22,GOOGL,72.0361557006836
2020-06-23,GOOGL,72.69760131835938
2020-06-24,GOOGL,71.14431762695312
2020-06-25,GOOGL,71.56143951416016
2020-06-26,GOOGL,67.66033935546875
2020-06-29,GOOGL,69.3799819946289
2020-06-30,GOOGL,70.41683197021484
2020-07-01,GOOGL,71.60613250732422
2020-07-02,GOOGL,72.99304962158203
2020-07-06,GOOGL,74.46887969970703
2020-07-07,GOOGL,73.9857177734375
2020-07-08,GOOGL,74.66502380371094
2020-07-09,GOOGL,75.4128646850586
2020-07-10,GOOGL,76.42340850830078
2020-07-13,GOOGL,75.09358215332031
2020-07-14,GOOGL,75.5221176147461
2020-07-15,GOOGL,75.32447814941406
2020-07-16,GOOGL,75.22715759277344
2020-07-17,GOOGL,75.32299041748047
2020-07-20,GOOGL,77.65640258789062
2020-07-21,GOOGL,77.26309967041016
2020-07-22,GOOGL,77.70655059814453
2020-07-23,GOOGL,75.31802368164062
2020-07-24,GOOGL,74.89395141601562
2020-07-27,GOOGL,75.94768524169922
2020-07-28,GOOGL,74.66751098632812
2020-07-29,GOOGL,75.65370178222656
2020-07-30,GOOGL,76.39163208007812
2020-07-31,GOOGL,73.88788604736328
2020-08-03,GOOGL,73.63016510009766
2020-08-04,GOOGL,73.160400390625
2020-08-05,GOOGL,73.44792175292969
2020-08-06,GOOGL,74.73206329345703
2020-08-07,GOOGL,74.40531921386719
2020-08-10,GOOGL,74.32835388183594
2020-08-11,GOOGL,73.5199203491211
2020-08-12,GOOGL,74.84577941894531
2020-08-13,GOOGL,75.31305694580078
2020-08-14,GOOGL,74.71617889404297
2020-08-17,GOOGL,75.29269409179688
2020-08-18,GOOGL,77.25614929199219
2020-08-19,GOOGL,76.70147705078125
2020-08-20,GOOGL,78.27264404296875
2020-08-21,GOOGL,78.23888397216797
2020-08-24,GOOGL,78.714599609375
2020-08-25,GOOGL,79.74251556396484
2020-08-26,GOOGL,81.64340209960938
2020-08-27,GOOGL,80.86824798583984
2020-08-28,GOOGL,81.41000366210938
2020-08-31,GOOGL,80.91840362548828
2020-09-01,GOOGL,82.18714141845703
2020-09-02,GOOGL,85.28130340576172
2020-09-03,GOOGL,80.91740417480469
2020-09-04,GOOGL,78.5189437866211
2020-09-08,GOOGL,75.65817260742188
2020-09-09,GOOGL,76.83158874511719
2020-09-10,GOOGL,75.77983093261719
2020-09-11,GOOGL,75.26885986328125
2020-09-14,GOOGL,74.92473602294922
2020-09-15,GOOGL,76.230224609375
2020-09-16,GOOGL,75.08662414550781
2020-09-17,GOOGL,73.84269714355469
2020-09-18,GOOGL,72.05751037597656
2020-09-21,GOOGL,71.01719665527344
2020-09-22,GOOGL,72.49102020263672
2020-09-23,GOOGL,69.9867935180664
2020-09-24,GOOGL,70.65567779541016
2020-09-25,GOOGL,71.46014404296875
2020-09-28,GOOGL,72.43342590332031
2020-09-29,GOOGL,72.79890441894531
2020-09-30,GOOGL,72.77804565429688
2020-10-01,GOOGL,73.8853988647461
2020-10-02,GOOGL,72.28146362304688
2020-10-05,GOOGL,73.63363647460938
2020-10-06,GOOGL,72.05403137207031
2020-10-07,GOOGL,72.4572525024414
2020-10-08,GOOGL,73.6634292602539
2020-10-09,GOOGL,75.00517272949219
2020-10-12,GOOGL,77.69364166259766
2020-10-13,GOOGL,77.8167953491211
2020-10-14,GOOGL,77.63653564453125
2020-10-15,GOOGL,77.24076080322266
2020-10-16,GOOGL,77.84808349609375
2020-10-19,GOOGL,75.97350311279297
2020-10-20,GOOGL,77.02276611328125
2020-10-21,GOOGL,78.75630950927734
2020-10-22,GOOGL,79.78272247314453
2020-10-23,GOOGL,81.0897216796875
2020-10-26,GOOGL,78.67188262939453
2020-10-27,GOOGL,79.39640045166016
2020-10-28,GOOGL,75.0225601196289
2020-10-29,GOOGL,77.310791015625
2020-10-30,GOOGL,80.25199127197266
2020-11-02,GOOGL,80.65968322753906
2020-11-03,GOOGL,81.71937561035156
2020-11-04,GOOGL,86.6945571899414
2020-11-05,GOOGL,87.52135467529297
2020-11-06,GOOGL,87.38380432128906
2020-11-09,GOOGL,87.46773529052734
2020-11-10,GOOGL,86.29084777832031
2020-11-11,GOOGL,86.76309204101562
2020-11-12,GOOGL,86.5440902709961
2020-11-13,GOOGL,88.00601196289062
2020-11-16,GOOGL,88.09391021728516
2020-11-17,GOOGL,87.47964477539062
2020-11-18,GOOGL,86.43584442138672
2020-11-19,GOOGL,87.32620239257812
2020-11-20,GOOGL,86.22429656982422
2020-11-23,GOOGL,85.78632354736328
2020-11-24,GOOGL,87.59088134765625
2020-11-25,GOOGL,87.60228729248047
2020-11-27,GOOGL,88.73895263671875
2020-11-30,GOOGL,87.11912536621094
2020-12-01,GOOGL,89.15310668945312
2020-12-02,GOOGL,90.62345886230469
2020-12-03,GOOGL,90.46802520751953
2020-12-04,GOOGL,90.5633773803711
2020-12-07,GOOGL,90.22917175292969
2020-12-08,GOOGL,89.94612884521484
2020-12-09,GOOGL,88.28408813476562
2020-12-10,GOOGL,87.77709197998047
2020-12-11,GOOGL,88.13214111328125
2020-12-14,GOOGL,87.01287078857422
2020-12-15,GOOGL,87.45083618164062
2020-12-16,GOOGL,87.25767517089844
2020-12-17,GOOGL,86.42938995361328
2020-12-18,GOOGL,85.71977996826172
2020-12-21,GOOGL,86.13392639160156
2020-12-22,GOOGL,85.42184448242188
2020-12-23,GOOGL,85.81959533691406
2020-12-24,GOOGL,86.11406707763672
2020-12-28,GOOGL,88.0904312133789
2020-12-29,GOOGL,87.28597259521484
2020-12-30,GOOGL,86.21784973144531
2020-12-31,GOOGL,87.03173828125
2021-01-04,GOOGL,85.71531677246094
2021-01-05,GOOGL,86.40655517578125
2021-01-06,GOOGL,85.55392456054688
2021-01-07,GOOGL,88.10931396484375
2021-01-08,GOOGL,89.2757568359375
2021-01-11,GOOGL,87.21298217773438
2021-01-12,GOOGL,86.27644348144531
2021-01-13,GOOGL,86.76408386230469
2021-01-14,GOOGL,85.95317077636719
2021-01-15,GOOGL,85.78929138183594
2021-01-19,GOOGL,88.61234283447266
2021-01-20,GOOGL,93.35958099365234
2021-01-21,GOOGL,93.56219482421875
2021-01-22,GOOGL,93.97981262207031
2021-01-25,GOOGL,94.06522369384766
2021-01-26,GOOGL,94.7440414428711
2021-01-27,GOOGL,90.32402038574219
2021-01-28,GOOGL,92.02529907226562
2021-01-29,GOOGL,90.74214172363281
2021-02-01,GOOGL,94.0051498413086
2021-02-02,GOOGL,95.2987060546875
2021-02-03,GOOGL,102.23886108398438
2021-02-04,GOOGL,101.9781494140625
2021-02-05,GOOGL,103.72608947753906
2021-02-08,GOOGL,103.51205444335938
2021-02-09,GOOGL,103.05870056152344
2021-02-10,GOOGL,103.6093978881836
2021-02-11,GOOGL,103.72211456298828
2021-02-12,GOOGL,104.03396606445312
2021-02-16,GOOGL,104.8121109008789
2021-02-17,GOOGL,105.20538330078125
2021-02-18,GOOGL,104.56925964355469
2021-02-19,GOOGL,103.72509765625
2021-02-22,GOOGL,102.00941467285156
2021-02-23,GOOGL,102.30040740966797
2021-02-24,GOOGL,103.476806640625
2021-02-25,GOOGL,100.1070556640625
2021-02-26,GOOGL,100.40300750732422
2021-03-01,GOOGL,102.774169921875
2021-03-02,GOOGL,102.5169448852539
2021-03-03,GOOGL,99.8816146850586
2021-03-04,GOOGL,100.9999008178711
2021-03-05,GOOGL,104.13526153564453
2021-03-08,GOOGL,99.68744659423828
2021-03-09,GOOGL,101.31919860839844
2021-03-10,GOOGL,101.11212921142578
2021-03-11,GOOGL,104.30757904052734
2021-03-12,GOOGL,101.79788208007812
2021-03-15,GOOGL,102.01837158203125
2021-03-16,GOOGL,103.48078155517578
2021-03-17,GOOGL,103.39785766601562
2021-03-18,GOOGL,100.37469482421875
2021-03-19,GOOGL,100.65377807617188
2021-03-22,GOOGL,100.83899688720703
2021-03-23,GOOGL,101.36734771728516
2021-03-24,GOOGL,100.93036651611328
2021-03-25,GOOGL,100.9269027709961
2021-03-26,GOOGL,100.54305267333984
2021-03-29,GOOGL,101.58882904052734
2021-03-30,GOOGL,101.62261199951172
2021-03-31,GOOGL,102.41959381103516
2021-04-01,GOOGL,105.75957489013672
2021-04-05,GOOGL,110.18802642822266
2021-04-06,GOOGL,109.70633697509766
2021-04-07,GOOGL,111.18465423583984
2021-04-08,GOOGL,111.75074768066406
2021-04-09,GOOGL,112.75582122802734
2021-04-12,GOOGL,111.46223449707031
2021-04-13,GOOGL,111.94937133789062
2021-04-14,GOOGL,111.3276596069336
2021-04-15,GOOGL,113.47982025146484
2021-04-16,GOOGL,113.35566711425781
2021-04-19,GOOGL,113.70378112792969
2021-04-20,GOOGL,113.16996002197266
2021-04-21,GOOGL,113.1371841430664
2021-04-22,GOOGL,111.85452270507812
2021-04-23,GOOGL,114.20878601074219
2021-04-26,GOOGL,114.70536804199219
2021-04-27,GOOGL,113.76435089111328
2021-04-28,GOOGL,117.14405059814453
2021-04-29,GOOGL,118.8185043334961
2021-04-30,GOOGL,116.86894226074219
2021-05-03,GOOGL,116.35150146484375
2021-05-04,GOOGL,114.55142211914062
2021-05-05,GOOGL,114.94571685791016
2021-05-06,GOOGL,116.06696319580078
2021-05-07,GOOGL,116.79097747802734
2021-05-10,GOOGL,113.80259704589844
2021-05-11,GOOGL,112.72551727294922
2021-05-12,GOOGL,109.2589340209961
2021-05-13,GOOGL,110.6885757446289
2021-05-14,GOOGL,113.138671875
2021-05-17,GOOGL,113.66206359863281
2021-05-18,GOOGL,112.3486099243164
2021-05-19,GOOGL,112.79702758789062
2021-05-20,GOOGL,114.55738830566406
2021-05-21,GOOGL,113.9207763671875
2021-05-24,GOOGL,117.24337005615234
2021-05-25,GOOGL,117.33423614501953
2021-05-26,GOOGL,118.20025634765625
2021-05-27,GOOGL,117.32479858398438
2021-05-28,GOOGL,117.03529357910156
2021-06-01,GOOGL,118.24346160888672
2021-06-02,GOOGL,117.71759033203125
2021-06-03,GOOGL,116.5749740600586
2021-06-04,GOOGL,118.85871887207031
2021-06-07,GOOGL,119.2922134399414
2021-06-08,GOOGL,119.10054779052734
2021-06-09,GOOGL,119.57230377197266
2021-06-10,GOOGL,120.9224853515625
2021-06-11,GOOGL,120.67768096923828
2021-06-14,GOOGL,121.60675811767578
2021-06-15,GOOGL,120.5877914428711
2021-06-16,GOOGL,119.94522094726562
2021-06-17,GOOGL,120.90957641601562
2021-06-18,GOOGL,119.28826141357422
2021-06-21,GOOGL,120.97809600830078
2021-06-22,GOOGL,121.4925537109375
2021-06-23,GOOGL,121.29044342041016
2021-06-24,GOOGL,121.660888671875
2021-06-25,GOOGL,121.6693344116211
2021-06-28,GOOGL,121.6966552734375
2021-06-29,GOOGL,121.43494415283203
2021-06-30,GOOGL,121.25321197509766
2021-07-01,GOOGL,121.60578918457031
2021-07-02,GOOGL,124.39950561523438
2021-07-06,GOOGL,125.32563018798828
2021-07-07,GOOGL,125.607666015625
2021-07-08,GOOGL,124.1874771118164
2021-07-09,GOOGL,124.65870666503906
2021-07-12,GOOGL,126.10574340820312
2021-07-13,GOOGL,126.46923065185547
2021-07-14,GOOGL,127.35858917236328
2021-07-15,GOOGL,126.13501739501953
2021-07-16,GOOGL,126.10028076171875
2021-07-19,GOOGL,123.72466278076172
2021-07-20,GOOGL,125.3449935913086
2021-07-21,GOOGL,126.6753158569336
2021-07-22,GOOGL,127.54182434082031
2021-07-23,GOOGL,132.10386657714844
2021-07-26,GOOGL,133.11688232421875
2021-07-27,GOOGL,130.9965057373047
2021-07-28,GOOGL,135.1617889404297
2021-07-29,GOOGL,134.8474578857422
2021-07-30,GOOGL,133.80364990234375
2021-08-02,GOOGL,133.93077087402344
2021-08-03,GOOGL,134.7009735107422
2021-08-04,GOOGL,134.19992065429688
2021-08-05,GOOGL,135.31817626953125
2021-08-06,GOOGL,134.80870056152344
2021-08-09,GOOGL,135.9751739501953
2021-08-10,GOOGL,135.86990356445312
2021-08-11,GOOGL,135.34552001953125
2021-08-12,GOOGL,136.25424194335938
2021-08-13,GOOGL,136.78408813476562
2021-08-16,GOOGL,137.36212158203125
2021-08-17,GOOGL,135.7253875732422
2021-08-18,GOOGL,134.52120971679688
2021-08-19,GOOGL,134.75059509277344
2021-08-20,GOOGL,136.48814392089844
2021-08-23,GOOGL,139.08226013183594
2021-08-24,GOOGL,140.2938995361328
2021-08-25,GOOGL,141.10577392578125
2021-08-26,GOOGL,140.47164916992188
2021-08-27,GOOGL,143.01759338378906
2021-08-30,GOOGL,143.60008239746094
2021-08-31,GOOGL,143.70632934570312
2021-09-01,GOOGL,144.22079467773438
2021-09-02,GOOGL,142.30551147460938
2021-09-03,GOOGL,142.75489807128906
2021-09-07,GOOGL,143.29220581054688
2021-09-08,GOOGL,142.70672607421875
2021-09-09,GOOGL,142.55775451660156
2021-09-10,GOOGL,139.9110107421875
2021-09-13,GOOGL,141.3575439453125
2021-09-14,GOOGL,141.56808471679688
2021-09-15,GOOGL,143.44017028808594
2021-09-16,GOOGL,142.62628173828125
2021-09-17,GOOGL,139.83555603027344
2021-09-20,GOOGL,137.769287109375
2021-09-21,GOOGL,138.08065795898438
2021-09-22,GOOGL,139.3225860595703
2021-09-23,GOOGL,140.24868774414062
2021-09-24,GOOGL,141.2408447265625
2021-09-27,GOOGL,140.10569763183594
2021-09-28,GOOGL,134.8995819091797
2021-09-29,GOOGL,133.43319702148438
2021-09-30,GOOGL,132.7603302001953
2021-10-01,GOOGL,135.60769653320312
2021-10-04,GOOGL,132.74395751953125
2021-10-05,GOOGL,135.0912628173828
2021-10-06,GOOGL,136.62269592285156
2021-10-07,GOOGL,138.2713165283203
2021-10-08,GOOGL,138.8280029296875
2021-10-11,GOOGL,137.9624481201172
2021-10-12,GOOGL,135.5143585205078
2021-10-13,GOOGL,136.63958740234375
2021-10-14,GOOGL,140.1841278076172
2021-10-15,GOOGL,140.39964294433594
2021-10-18,GOOGL,141.79998779296875
2021-10-19,GOOGL,142.255859375
2021-10-20,GOOGL,140.79788208007812
2021-10-21,GOOGL,140.91409301757812
2021-10-22,GOOGL,136.6241912841797
2021-10-25,GOOGL,136.50552368164062
2021-10-26,GOOGL,138.35426330566406
2021-10-27,GOOGL,145.21591186523438
2021-10-28,GOOGL,144.84994506835938
2021-10-29,GOOGL,147.0319061279297
2021-11-01,GOOGL,142.51406860351562
2021-11-02,GOOGL,144.43629455566406
2021-11-03,GOOGL,145.5938262939453
2021-11-04,GOOGL,147.25189208984375
2021-11-05,GOOGL,147.8323974609375
2021-11-08,GOOGL,148.01016235351562
2021-11-09,GOOGL,147.8984375
2021-11-10,GOOGL,144.8941650390625
2021-11-11,GOOGL,144.7680206298828
2021-11-12,GOOGL,147.65957641601562
2021-11-15,GOOGL,147.4351348876953
2021-11-16,GOOGL,146.8630828857422
2021-11-17,GOOGL,147.03289794921875
2021-11-18,GOOGL,148.8121337890625
2021-11-19,GOOGL,147.90635681152344
2021-11-22,GOOGL,145.2998504638672
2021-11-23,GOOGL,144.78341674804688
2021-11-24,GOOGL,145.11911010742188
2021-11-26,GOOGL,141.2090606689453
2021-11-29,GOOGL,144.53363037109375
2021-11-30,GOOGL,140.925537109375
2021-12-01,GOOGL,140.08531188964844
2021-12-02,GOOGL,141.9866943359375
2021-12-03,GOOGL,141.02882385253906
2021-12-06,GOOGL,142.1743927001953
2021-12-07,GOOGL,146.26071166992188
2021-12-08,GOOGL,147.1714630126953
2021-12-09,GOOGL,146.627197265625
2021-12-10,GOOGL,146.98770141601562
2021-12-13,GOOGL,144.82762145996094
2021-12-14,GOOGL,142.92127990722656
2021-12-15,GOOGL,145.43789672851562
2021-12-16,GOOGL,143.45556640625
2021-12-17,GOOGL,140.7542266845703
2021-12-20,GOOGL,140.6370086669922
2021-12-21,GOOGL,142.48973083496094
2021-12-22,GOOGL,145.41207885742188
2021-12-23,GOOGL,145.91014099121094
2021-12-27,GOOGL,146.89337158203125
2021-12-28,GOOGL,145.6822052001953
2021-12-29,GOOGL,145.65045166015625
2021-12-30,GOOGL,145.19906616210938
2021-12-31,GOOGL,143.85980224609375
2022-01-03,GOOGL,143.9983367919922
2022-01-04,GOOGL,143.410400390625
2022-01-05,GOOGL,136.83126831054688
2022-01-06,GOOGL,136.80393981933594
2022-01-07,GOOGL,136.07847595214844
2022-01-10,GOOGL,137.71963500976562
2022-01-11,GOOGL,138.77882385253906
2022-01-12,GOOGL,140.4617156982422
2022-01-13,GOOGL,137.63771057128906
2022-01-14,GOOGL,138.5250701904297
2022-01-18,GOOGL,135.06642150878906
2022-01-19,GOOGL,134.1909637451172
2022-01-20,GOOGL,132.3943634033203
2022-01-21,GOOGL,129.4586181640625
2022-01-24,GOOGL,129.9080047607422
2022-01-25,GOOGL,126.06550598144531
2022-01-26,GOOGL,128.34776306152344
2022-01-27,GOOGL,128.121337890625
2022-01-28,GOOGL,132.43756103515625
2022-01-31,GOOGL,134.37669372558594
2022-02-01,GOOGL,136.70114135742188
2022-02-02,GOOGL,146.98623657226562
2022-02-03,GOOGL,142.10983276367188
2022-02-04,GOOGL,142.31146240234375
2022-02-07,GOOGL,138.24749755859375
2022-02-08,GOOGL,138.4441375732422
2022-02-09,GOOGL,140.62210083007812
2022-02-10,GOOGL,137.67047119140625
2022-02-11,GOOGL,133.36270141601562
2022-02-14,GOOGL,134.59767150878906
2022-02-15,GOOGL,135.6727752685547
2022-02-16,GOOGL,136.79452514648438
2022-02-17,GOOGL,131.63111877441406
2022-02-18,GOOGL,129.509765625
2022-02-22,GOOGL,128.92428588867188
2022-02-23,GOOGL,126.71403503417969
2022-02-24,GOOGL,131.78207397460938
2022-02-25,GOOGL,133.53848266601562
2022-02-28,GOOGL,134.1318817138672
2022-03-01,GOOGL,133.14320373535156
2022-03-02,GOOGL,133.6497039794922
2022-03-03,GOOGL,132.98231506347656
2022-03-04,GOOGL,131.0029296875
2022-03-07,GOOGL,125.5128173828125
2022-03-08,GOOGL,126.23384857177734
2022-03-09,GOOGL,132.50608825683594
2022-03-10,GOOGL,131.5223846435547
2022-03-11,GOOGL,128.9809112548828
2022-03-14,GOOGL,125.08824920654297
2022-03-15,GOOGL,128.31301879882812
2022-03-16,GOOGL,132.36753845214844
2022-03-17,GOOGL,132.92222595214844
2022-03-18,GOOGL,135.1930694580078
2022-03-21,GOOGL,135.1692352294922
2022-03-22,GOOGL,138.90994262695312
2022-03-23,GOOGL,137.32833862304688
2022-03-24,GOOGL,140.60226440429688
2022-03-25,GOOGL,140.7025604248047
2022-03-28,GOOGL,140.48655700683594
2022-03-29,GOOGL,141.5293426513672
2022-03-30,GOOGL,140.96624755859375
2022-03-31,GOOGL,138.1149139404297
2022-04-01,GOOGL,139.1904754638672
2022-04-04,GOOGL,141.99217224121094
2022-04-05,GOOGL,139.62799072265625
2022-04-06,GOOGL,135.6126708984375
2022-04-07,GOOGL,134.9576873779297
2022-04-08,GOOGL,132.37451171875
2022-04-11,GOOGL,127.94109344482422
2022-04-12,GOOGL,126.83967590332031
2022-04-13,GOOGL,129.0042266845703
2022-04-14,GOOGL,125.86193084716797
2022-04-18,GOOGL,126.80194091796875
2022-04-19,GOOGL,129.11846923828125
2022-04-20,GOOGL,127.1629409790039
2022-04-21,GOOGL,123.95953369140625
2022-04-22,GOOGL,118.81600189208984
2022-04-25,GOOGL,122.23095703125
2022-04-26,GOOGL,117.83726501464844
2022-04-27,GOOGL,113.51160430908203
2022-04-28,GOOGL,117.71063232421875
2022-04-29,GOOGL,113.32786560058594
2022-05-02,GOOGL,115.784423828125
2022-05-03,GOOGL,116.5302734375
2022-05-04,GOOGL,121.42353057861328
2022-05-05,GOOGL,115.70745849609375
2022-05-06,GOOGL,114.95365142822266
2022-05-09,GOOGL,111.74031829833984
2022-05-10,GOOGL,113.61140441894531
2022-05-11,GOOGL,112.8243408203125
2022-05-12,GOOGL,112.07103729248047
2022-05-13,GOOGL,115.25556945800781
2022-05-16,GOOGL,113.66107177734375
2022-05-17,GOOGL,115.67518615722656
2022-05-18,GOOGL,111.13300323486328
2022-05-19,GOOGL,109.62788391113281
2022-05-20,GOOGL,108.16199493408203
2022-05-23,GOOGL,110.72432708740234
2022-05-24,GOOGL,105.24412536621094
2022-05-25,GOOGL,105.08023834228516
2022-05-26,GOOGL,107.05413818359375
2022-05-27,GOOGL,111.5471420288086
2022-05-31,GOOGL,112.98274230957031
2022-06-01,GOOGL,113.11185455322266
2022-06-02,GOOGL,116.81680297851562
2022-06-03,GOOGL,113.75640869140625
2022-06-06,GOOGL,116.02030181884766
2022-06-07,GOOGL,116.3470458984375
2022-06-08,GOOGL,116.3912353515625
2022-06-09,GOOGL,114.04888916015625
2022-06-10,GOOGL,110.40006256103516
2022-06-13,GOOGL,105.6637191772461
2022-06-14,GOOGL,105.98451232910156
2022-06-15,GOOGL,109.01262664794922
2022-06-16,GOOGL,105.30718994140625
2022-06-17,GOOGL,106.40958404541016
2022-06-21,GOOGL,110.77993774414062
2022-06-22,GOOGL,110.72383117675781
2022-06-23,GOOGL,111.47315979003906
2022-06-24,GOOGL,117.16688537597656
2022-06-27,GOOGL,115.04006958007812
2022-06-28,GOOGL,111.24026489257812
2022-06-29,GOOGL,110.93636322021484
2022-06-30,GOOGL,108.21661376953125
2022-07-01,GOOGL,107.99266052246094
2022-07-05,GOOGL,112.4871597290039
2022-07-06,GOOGL,113.78720092773438
2022-07-07,GOOGL,117.96934509277344
2022-07-08,GOOGL,118.53594207763672
2022-07-11,GOOGL,114.8841323852539
2022-07-12,GOOGL,113.23948669433594
2022-07-13,GOOGL,110.59074401855469
2022-07-14,GOOGL,109.61150360107422
2022-07-15,GOOGL,111.01183319091797
2022-07-18,GOOGL,108.28315734863281
2022-07-19,GOOGL,113.03041076660156
2022-07-20,GOOGL,113.11980438232422
2022-07-21,GOOGL,113.5567855834961
2022-07-22,GOOGL,107.16090393066406
2022-07-25,GOOGL,106.77357482910156
2022-07-26,GOOGL,104.30062103271484
2022-07-27,GOOGL,112.28555297851562
2022-07-28,GOOGL,113.43761444091797
2022-07-29,GOOGL,115.52323150634766
2022-08-01,GOOGL,114.07322692871094
2022-08-02,GOOGL,114.34137725830078
2022-08-03,GOOGL,117.27117156982422
2022-08-04,GOOGL,117.38041687011719
2022-08-05,GOOGL,116.66534423828125
2022-08-08,GOOGL,116.49652099609375
2022-08-09,GOOGL,115.83109283447266
2022-08-10,GOOGL,118.88006591796875
2022-08-11,GOOGL,118.02595520019531
2022-08-12,GOOGL,120.84650421142578
2022-08-15,GOOGL,121.2437744140625
2022-08-16,GOOGL,120.86637115478516
2022-08-17,GOOGL,118.7311019897461
2022-08-18,GOOGL,119.34685516357422
2022-08-19,GOOGL,116.4071273803711
2022-08-22,GOOGL,113.45746612548828
2022-08-23,GOOGL,113.080078125
2022-08-24,GOOGL,112.91123962402344
2022-08-25,GOOGL,115.85096740722656
2022-08-26,GOOGL,109.58418273925781
2022-08-29,GOOGL,108.67049407958984
2022-08-30,GOOGL,108.19377899169922
2022-08-31,GOOGL,107.47871398925781
2022-09-01,GOOGL,108.98829650878906
2022-09-02,GOOGL,107.11123657226562
2022-09-06,GOOGL,106.07835388183594
2022-09-07,GOOGL,108.70027923583984
2022-09-08,GOOGL,107.63761901855469
2022-09-09,GOOGL,109.89205932617188
2022-09-12,GOOGL,110.10062408447266
2022-09-13,GOOGL,103.60542297363281
2022-09-14,GOOGL,104.28076171875
2022-09-15,GOOGL,102.20509338378906
2022-09-16,GOOGL,102.09583282470703
2022-09-19,GOOGL,102.3639907836914
2022-09-20,GOOGL,100.44720458984375
2022-09-21,GOOGL,98.59994506835938
2022-09-22,GOOGL,99.45404815673828
2022-09-23,GOOGL,98.06365203857422
2022-09-26,GOOGL,97.49754333496094
2022-09-27,GOOGL,96.83213806152344
2022-09-28,GOOGL,99.36468505859375
2022-09-29,GOOGL,96.752685546875
2022-09-30,GOOGL,94.99481201171875
2022-10-03,GOOGL,97.96434020996094
2022-10-04,GOOGL,100.94377136230469
2022-10-05,GOOGL,100.73522186279297
2022-10-06,GOOGL,100.72528076171875
2022-10-07,GOOGL,98.00405883789062
2022-10-10,GOOGL,97.1896743774414
2022-10-11,GOOGL,96.51433563232422
2022-10-12,GOOGL,96.8917236328125
2022-10-13,GOOGL,98.38145446777344
2022-10-14,GOOGL,95.89857482910156
2022-10-17,GOOGL,99.28522491455078
2022-10-18,GOOGL,100.07974243164062
2022-10-19,GOOGL,98.94754028320312
2022-10-20,GOOGL,99.28522491455078
2022-10-21,GOOGL,100.43727111816406
2022-10-24,GOOGL,101.8177490234375
2022-10-25,GOOGL,103.76432800292969
2022-10-26,GOOGL,94.27973937988281
2022-10-27,GOOGL,91.58830261230469
2022-10-28,GOOGL,95.63042449951172
2022-10-31,GOOGL,93.86262512207031
2022-11-01,GOOGL,89.85030364990234
2022-11-02,GOOGL,86.37425994873047
2022-11-03,GOOGL,82.8585205078125
2022-11-04,GOOGL,85.98694610595703
2022-11-07,GOOGL,87.88385009765625
2022-11-08,GOOGL,88.29105377197266
2022-11-09,GOOGL,86.72187805175781
2022-11-10,GOOGL,93.2965316772461
2022-11-11,GOOGL,95.74960327148438
2022-11-14,GOOGL,95.04447174072266
2022-11-15,GOOGL,97.76570892333984
2022-11-16,GOOGL,98.17288970947266
2022-11-17,GOOGL,97.68624877929688
2022-11-18,GOOGL,96.76262664794922
2022-11-21,GOOGL,94.9451675415039
2022-11-22,GOOGL,96.38522338867188
2022-11-23,GOOGL,97.78556823730469
2022-11-25,GOOGL,96.79241180419922
2022-11-28,GOOGL,95.39207458496094
2022-11-29,GOOGL,94.53795623779297
2022-11-30,GOOGL,100.29823303222656
2022-12-01,GOOGL,100.29823303222656
2022-12-02,GOOGL,99.75199127197266
2022-12-05,GOOGL,98.79857635498047
2022-12-06,GOOGL,96.31571197509766
2022-12-07,GOOGL,94.28968048095703
2022-12-08,GOOGL,93.0680923461914
2022-12-09,GOOGL,92.19412994384766
2022-12-12,GOOGL,92.67082977294922
2022-12-13,GOOGL,94.97494506835938
2022-12-14,GOOGL,94.41877746582031
2022-12-15,GOOGL,90.23761749267578
2022-12-16,GOOGL,89.64173126220703
2022-12-19,GOOGL,87.83419799804688
2022-12-20,GOOGL,88.41022491455078
2022-12-21,GOOGL,88.96638488769531
2022-12-22,GOOGL,87.15885162353516
2022-12-23,GOOGL,88.6187973022461
2022-12-27,GOOGL,86.79138946533203
2022-12-28,GOOGL,85.43077087402344
2022-12-29,GOOGL,87.84413146972656
2022-12-30,GOOGL,87.62564086914062
2023-01-03,GOOGL,88.5095443725586
2023-01-04,GOOGL,87.4766616821289
2023-01-05,GOOGL,85.60954284667969
2023-01-06,GOOGL,86.74172973632812
2023-01-09,GOOGL,87.41706848144531
2023-01-10,GOOGL,87.8143310546875
2023-01-11,GOOGL,90.89310455322266
2023-01-12,GOOGL,90.5057601928711
2023-01-13,GOOGL,91.48899841308594
2023-01-17,GOOGL,90.6646728515625
2023-01-18,GOOGL,90.49584197998047
2023-01-19,GOOGL,92.4126205444336
2023-01-20,GOOGL,97.34857177734375
2023-01-23,GOOGL,99.10646057128906
2023-01-24,GOOGL,97.03076934814453
2023-01-25,GOOGL,94.5677719116211
2023-01-26,GOOGL,96.85199737548828
2023-01-27,GOOGL,98.6893310546875
2023-01-30,GOOGL,96.27598571777344
2023-01-31,GOOGL,98.16295623779297
2023-02-01,GOOGL,99.74207305908203
2023-02-02,GOOGL,107.00199890136719
2023-02-03,GOOGL,104.06227111816406
2023-02-06,GOOGL,102.19515228271484
2023-02-07,GOOGL,106.90267944335938
2023-02-08,GOOGL,98.6893310546875
2023-02-09,GOOGL,94.35919189453125
2023-02-10,GOOGL,93.92220306396484
2023-02-13,GOOGL,93.96192932128906
2023-02-14,GOOGL,94.03146362304688
2023-02-15,GOOGL,96.27598571777344
2023-02-16,GOOGL,94.85576629638672
2023-02-17,GOOGL,93.70370483398438
2023-02-21,GOOGL,91.16124725341797
2023-02-22,GOOGL,91.02220153808594
2023-02-23,GOOGL,90.26741790771484
2023-02-24,GOOGL,88.51947021484375
2023-02-27,GOOGL,89.25440979003906
2023-02-28,GOOGL,89.44309997558594
2023-03-01,GOOGL,89.74105072021484
2023-03-02,GOOGL,91.36981964111328
2023-03-03,GOOGL,93.00851440429688
2023-03-06,GOOGL,94.47836303710938
2023-03-07,GOOGL,93.21707153320312
2023-03-08,GOOGL,93.60440063476562
2023-03-09,GOOGL,91.6876220703125
2023-03-10,GOOGL,90.00919342041016
2023-03-13,GOOGL,90.48590850830078
2023-03-14,GOOGL,93.32630920410156
2023-03-15,GOOGL,95.45165252685547
2023-03-16,GOOGL,99.6328125
2023-03-17,GOOGL,100.92391967773438
2023-03-20,GOOGL,100.52664947509766
2023-03-21,GOOGL,104.2013168334961
2023-03-22,GOOGL,102.66194152832031
2023-03-23,GOOGL,104.87664794921875
2023-03-24,GOOGL,104.71775817871094
2023-03-27,GOOGL,101.7581558227539
2023-03-28,GOOGL,100.33795928955078
2023-03-29,GOOGL,100.69548797607422
2023-03-30,GOOGL,100.19892120361328
2023-03-31,GOOGL,103.01947784423828
2023-04-03,GOOGL,103.64514923095703
2023-04-04,GOOGL,104.00267791748047
2023-04-05,GOOGL,103.75440979003906
2023-04-06,GOOGL,107.67733764648438
2023-04-10,GOOGL,105.71090698242188
2023-04-11,GOOGL,104.62836456298828
2023-04-12,GOOGL,103.92322540283203
2023-04-13,GOOGL,106.69412231445312
2023-04-14,GOOGL,108.12425994873047
2023-04-17,GOOGL,105.24412536621094
2023-04-18,GOOGL,103.7841796875
2023-04-19,GOOGL,103.46638488769531
2023-04-20,GOOGL,104.56877136230469
2023-04-21,GOOGL,104.6879653930664
2023-04-24,GOOGL,105.24412536621094
2023-04-25,GOOGL,103.1386489868164
2023-04-26,GOOGL,102.99960327148438
2023-04-27,GOOGL,106.85301971435547
2023-04-28,GOOGL,106.604736328125
2023-05-01,GOOGL,106.46569061279297
2023-05-02,GOOGL,104.59857177734375
2023-05-03,GOOGL,104.6879653930664
2023-05-04,GOOGL,103.97289276123047
2023-05-05,GOOGL,104.84686279296875
2023-05-08,GOOGL,107.03179168701172
2023-05-09,GOOGL,106.61466979980469
2023-05-10,GOOGL,110.9845199584961
2023-05-11,GOOGL,115.7715072631836
2023-05-12,GOOGL,116.705078125
2023-05-15,GOOGL,115.71192932128906
2023-05-16,GOOGL,118.69137573242188
2023-05-17,GOOGL,120.01226043701172
2023-05-18,GOOGL,121.98863983154297
2023-05-19,GOOGL,121.91910552978516
2023-05-22,GOOGL,124.19343566894531
2023-05-23,GOOGL,121.72047424316406
2023-05-24,GOOGL,120.07184600830078
2023-05-25,GOOGL,122.6341781616211
2023-05-26,GOOGL,123.7564468383789
2023-05-30,GOOGL,122.82288360595703
2023-05-31,GOOGL,122.02836608886719
2023-06-01,GOOGL,122.8725357055664
2023-06-02,GOOGL,123.81603240966797
2023-06-05,GOOGL,125.14686584472656
2023-06-06,GOOGL,126.43795013427734
2023-06-07,GOOGL,121.660888671875
2023-06-08,GOOGL,121.30335998535156
2023-06-09,GOOGL,121.39274597167969
2023-06-12,GOOGL,122.79307556152344
2023-06-13,GOOGL,122.98179626464844
2023-06-14,GOOGL,122.82288360595703
2023-06-15,GOOGL,124.233154296875
2023-06-16,GOOGL,122.68384552001953
2023-06-20,GOOGL,122.25677490234375
2023-06-21,GOOGL,119.72425842285156
2023-06-22,GOOGL,122.30644226074219
2023-06-23,GOOGL,121.50198364257812
2023-06-26,GOOGL,117.52938079833984
2023-06-27,GOOGL,117.51945495605469
2023-06-28,GOOGL,119.35678100585938
2023-06-29,GOOGL,118.2841796875
2023-06-30,GOOGL,118.88006591796875
2023-07-03,GOOGL,119.07869720458984
2023-07-05,GOOGL,120.91603088378906
2023-07-06,GOOGL,119.28726196289062
2023-07-07,GOOGL,118.66157531738281
2023-07-10,GOOGL,115.65232849121094
2023-07-11,GOOGL,116.33761596679688
2023-07-12,GOOGL,118.11534881591797
2023-07-13,GOOGL,123.68692016601562
2023-07-14,GOOGL,124.5608901977539
2023-07-17,GOOGL,123.7961654663086
2023-07-18,GOOGL,122.91226196289062
2023-07-19,GOOGL,121.19410705566406
2023-07-20,GOOGL,118.38349151611328
2023-07-21,GOOGL,119.19786834716797
2023-07-24,GOOGL,120.69754028320312
2023-07-25,GOOGL,121.37287902832031
2023-07-26,GOOGL,128.384521484375
2023-07-27,GOOGL,128.51361083984375
2023-07-28,GOOGL,131.67184448242188
2023-07-31,GOOGL,131.81088256835938
2023-08-01,GOOGL,130.64889526367188
2023-08-02,GOOGL,127.5006103515625
2023-08-03,GOOGL,127.57012939453125
2023-08-04,GOOGL,127.23246765136719
2023-08-07,GOOGL,130.62904357910156
2023-08-08,GOOGL,130.49990844726562
2023-08-09,GOOGL,128.7718505859375
2023-08-10,GOOGL,128.80165100097656
2023-08-11,GOOGL,128.67251586914062
2023-08-14,GOOGL,130.430419921875
2023-08-15,GOOGL,128.89102172851562
2023-08-16,GOOGL,127.81840515136719
2023-08-17,GOOGL,129.03005981445312
2023-08-18,GOOGL,126.5869140625
2023-08-21,GOOGL,127.49067687988281
2023-08-22,GOOGL,128.19580078125
2023-08-23,GOOGL,131.46328735351562
2023-08-24,GOOGL,128.89102172851562
2023-08-25,GOOGL,128.99032592773438
2023-08-28,GOOGL,130.1125946044922
2023-08-29,GOOGL,133.64822387695312
2023-08-30,GOOGL,134.94923400878906
2023-08-31,GOOGL,135.2372589111328
2023-09-01,GOOGL,134.7307586669922
2023-09-05,GOOGL,134.83999633789062
2023-09-06,GOOGL,133.5389862060547
2023-09-07,GOOGL,134.33348083496094
2023-09-08,GOOGL,135.44583129882812
2023-09-11,GOOGL,135.9821014404297
2023-09-12,GOOGL,134.41293334960938
2023-09-13,GOOGL,135.77357482910156
2023-09-14,GOOGL,137.154052734375
2023-09-15,GOOGL,136.45880126953125
2023-09-18,GOOGL,137.2632598876953
2023-09-19,GOOGL,137.0944366455078
2023-09-20,GOOGL,132.82391357421875
2023-09-21,GOOGL,129.5465087890625
2023-09-22,GOOGL,129.35781860351562
2023-09-25,GOOGL,130.2119140625
2023-09-26,GOOGL,127.68932342529297
2023-09-27,GOOGL,129.64581298828125
2023-09-28,GOOGL,131.4036865234375
2023-09-29,GOOGL,129.963623046875
2023-10-02,GOOGL,133.25094604492188
2023-10-03,GOOGL,131.5228729248047
2023-10-04,GOOGL,134.31362915039062
2023-10-05,GOOGL,134.14479064941406
2023-10-06,GOOGL,136.63760375976562
2023-10-09,GOOGL,137.4718475341797
2023-10-10,GOOGL,137.1143035888672
2023-10-11,GOOGL,139.58726501464844
2023-10-12,GOOGL,138.01805114746094
2023-10-13,GOOGL,136.4191131591797
2023-10-16,GOOGL,138.14720153808594
2023-10-17,GOOGL,138.76292419433594
2023-10-18,GOOGL,137.01499938964844
2023-10-19,GOOGL,136.8064422607422
2023-10-20,GOOGL,134.67115783691406
2023-10-23,GOOGL,135.56500244140625
2023-10-24,GOOGL,137.85914611816406
2023-10-25,GOOGL,124.74960327148438
2023-10-26,GOOGL,121.44239807128906
2023-10-27,GOOGL,121.3331527709961
2023-10-30,GOOGL,123.60746002197266
2023-10-31,GOOGL,123.23006439208984
2023-11-01,GOOGL,125.58384704589844
2023-11-02,GOOGL,126.61671447753906
2023-11-03,GOOGL,128.2156982421875
2023-11-06,GOOGL,129.35781860351562
2023-11-07,GOOGL,130.07289123535156
2023-11-08,GOOGL,130.9368896484375
2023-11-09,GOOGL,129.34786987304688
2023-11-10,GOOGL,131.6817626953125
2023-11-13,GOOGL,131.1852264404297
2023-11-14,GOOGL,132.70472717285156
2023-11-15,GOOGL,133.69786071777344
2023-11-16,GOOGL,135.99203491210938
2023-11-17,GOOGL,134.38314819335938
2023-11-20,GOOGL,135.3166961669922
2023-11-21,GOOGL,136.03176879882812
2023-11-22,GOOGL,137.54135131835938
2023-11-24,GOOGL,135.75369262695312
2023-11-27,GOOGL,135.47561645507812
2023-11-28,GOOGL,136.26019287109375
2023-11-29,GOOGL,134.0653533935547
2023-11-30,GOOGL,131.6221923828125
2023-12-01,GOOGL,130.95677185058594
2023-12-04,GOOGL,128.384521484375
2023-12-05,GOOGL,130.09275817871094
2023-12-06,GOOGL,129.12937927246094
2023-12-07,GOOGL,135.99203491210938
2023-12-08,GOOGL,134.0653533935547
2023-12-11,GOOGL,132.3769989013672
2023-12-12,GOOGL,131.6122589111328
2023-12-13,GOOGL,131.6619415283203
2023-12-14,GOOGL,131.03623962402344
2023-12-15,GOOGL,131.6916961669922
2023-12-18,GOOGL,134.8697967529297
2023-12-19,GOOGL,135.7139434814453
2023-12-20,GOOGL,137.39239501953125
2023-12-21,GOOGL,139.45814514160156
2023-12-22,GOOGL,140.52081298828125
2023-12-26,GOOGL,140.5506134033203
2023-12-27,GOOGL,139.40847778320312
2023-12-28,GOOGL,139.26943969726562
2023-12-29,GOOGL,138.73313903808594
2024-01-02,GOOGL,137.2235565185547
2024-01-03,GOOGL,137.96841430664062
2024-01-04,GOOGL,135.45574951171875
2024-01-05,GOOGL,134.80026245117188
2024-01-08,GOOGL,137.88897705078125
2024-01-09,GOOGL,139.98451232910156
2024-01-10,GOOGL,141.30540466308594
2024-01-11,GOOGL,141.10678100585938
2024-01-12,GOOGL,141.67286682128906
2024-01-16,GOOGL,141.5139617919922
2024-01-17,GOOGL,140.50096130371094
2024-01-18,GOOGL,142.4971923828125
2024-01-19,GOOGL,145.37730407714844
2024-01-22,GOOGL,144.98997497558594
2024-01-23,GOOGL,146.0327911376953
2024-01-24,GOOGL,147.68141174316406
2024-01-25,GOOGL,150.8297119140625
2024-01-26,GOOGL,151.1475372314453
2024-01-29,GOOGL,152.45848083496094
2024-01-30,GOOGL,150.42251586914062
2024-01-31,GOOGL,139.1403350830078
2024-02-01,GOOGL,140.19309997558594
2024-02-02,GOOGL,141.40472412109375
2024-02-05,GOOGL,142.69581604003906
2024-02-06,GOOGL,143.11293029785156
2024-02-07,GOOGL,144.54307556152344
2024-02-08,GOOGL,144.91053771972656
2024-02-09,GOOGL,147.97938537597656
2024-02-12,GOOGL,146.5194549560547
2024-02-13,GOOGL,144.14581298828125
2024-02-14,GOOGL,144.9403076171875
2024-02-15,GOOGL,141.7920379638672
2024-02-16,GOOGL,139.55746459960938
2024-02-20,GOOGL,140.15335083007812
2024-02-21,GOOGL,141.5735626220703
2024-02-22,GOOGL,143.10299682617188
2024-02-23,GOOGL,142.97390747070312
2024-02-26,GOOGL,136.62767028808594
2024-02-27,GOOGL,137.92869567871094
2024-02-28,GOOGL,135.44583129882812
2024-02-29,GOOGL,137.5115966796875
2024-03-01,GOOGL,136.20062255859375
2024-03-04,GOOGL,132.4365692138672
2024-03-05,GOOGL,131.76123046875
2024-03-06,GOOGL,130.49990844726562
2024-03-07,GOOGL,133.4595184326172
2024-03-08,GOOGL,134.4824676513672
2024-03-11,GOOGL,136.72698974609375
2024-03-12,GOOGL,137.55130004882812
2024-03-13,GOOGL,138.8324432373047
2024-03-14,GOOGL,142.1197967529297
2024-03-15,GOOGL,140.21292114257812
2024-03-18,GOOGL,146.66842651367188
2024-03-19,GOOGL,146.02285766601562
2024-03-20,GOOGL,147.7211456298828
2024-03-21,GOOGL,146.5889892578125
2024-03-22,GOOGL,149.7372589111328
2024-03-25,GOOGL,149.04205322265625
2024-03-26,GOOGL,149.637939453125
2024-03-27,GOOGL,149.8365478515625
2024-03-28,GOOGL,149.89614868164062
2024-04-01,GOOGL,154.4249267578125
2024-04-02,GOOGL,153.5012969970703
2024-04-03,GOOGL,153.8588104248047
2024-04-04,GOOGL,149.4989013671875
2024-04-05,GOOGL,151.45538330078125
2024-04-08,GOOGL,153.78932189941406
2024-04-09,GOOGL,155.52731323242188
2024-04-10,GOOGL,155.0704803466797
2024-04-11,GOOGL,158.3180694580078
2024-04-12,GOOGL,156.64956665039062
2024-04-15,GOOGL,153.7992401123047
2024-04-16,GOOGL,153.3423614501953
2024-04-17,GOOGL,154.40505981445312
2024-04-18,GOOGL,154.9413604736328
2024-04-19,GOOGL,153.03451538085938
2024-04-22,GOOGL,155.20950317382812
2024-04-23,GOOGL,157.17593383789062
2024-04-24,GOOGL,158.04000854492188
2024-04-25,GOOGL,154.93142700195312
2024-04-26,GOOGL,170.7721710205078
2024-04-29,GOOGL,165.0118865966797
2024-04-30,GOOGL,161.6649932861328
2024-05-01,GOOGL,162.73757934570312
2024-05-02,GOOGL,165.47866821289062
2024-05-03,GOOGL,166.09442138671875
2024-05-06,GOOGL,166.94854736328125
2024-05-07,GOOGL,170.07696533203125
2024-05-08,GOOGL,168.2197723388672
2024-05-09,GOOGL,168.79580688476562
2024-05-10,GOOGL,167.49476623535156
2024-05-13,GOOGL,167.98141479492188
2024-05-14,GOOGL,169.17320251464844
2024-05-15,GOOGL,171.3283233642578
2024-05-16,GOOGL,172.98687744140625
2024-05-17,GOOGL,174.85401916503906
2024-05-20,GOOGL,175.70811462402344
2024-05-21,GOOGL,176.63177490234375
2024-05-22,GOOGL,175.1718292236328
2024-05-23,GOOGL,172.3612060546875
2024-05-24,GOOGL,173.7913360595703
2024-05-28,GOOGL,175.19166564941406
2024-05-29,GOOGL,174.69509887695312
2024-05-30,GOOGL,170.9310760498047
2024-05-31,GOOGL,171.31838989257812
2024-06-03,GOOGL,171.98379516601562
2024-06-04,GOOGL,172.59954833984375
2024-06-05,GOOGL,174.20846557617188
2024-06-06,GOOGL,175.51942443847656
2024-06-07,GOOGL,173.2649688720703
2024-06-10,GOOGL,174.0106658935547
2024-06-11,GOOGL,175.6114959716797
2024-06-12,GOOGL,176.77481079101562
2024-06-13,GOOGL,174.1598358154297
2024-06-14,GOOGL,175.78053283691406
2024-06-17,GOOGL,176.22796630859375
2024-06-18,GOOGL,174.09022521972656
2024-06-20,GOOGL,175.29330444335938
2024-06-21,GOOGL,178.60430908203125
2024-06-24,GOOGL,178.19664001464844
2024-06-25,GOOGL,182.97918701171875
2024-06-26,GOOGL,182.83004760742188
2024-06-27,GOOGL,184.35130310058594
2024-06-28,GOOGL,181.1099090576172
2024-07-01,GOOGL,181.9451141357422
2024-07-02,GOOGL,184.18228149414062
2024-07-03,GOOGL,184.7589569091797
2024-07-05,GOOGL,189.51168823242188
2024-07-08,GOOGL,187.95062255859375
2024-07-09,GOOGL,187.90090942382812
2024-07-10,GOOGL,190.08834838867188
2024-07-11,GOOGL,184.51039123535156
2024-07-12,GOOGL,184.0132598876953
2024-07-15,GOOGL,185.46490478515625
2024-07-16,GOOGL,182.86981201171875
2024-07-17,GOOGL,179.9863739013672
2024-07-18,GOOGL,176.67538452148438
2024-07-19,GOOGL,176.6455535888672
2024-07-22,GOOGL,180.6326446533203
2024-07-23,GOOGL,180.751953125
2024-07-24,GOOGL,171.644287109375
2024-07-25,GOOGL,166.3248291015625
2024-07-26,GOOGL,166.04641723632812
2024-07-29,GOOGL,168.56198120117188
2024-07-30,GOOGL,169.317626953125
2024-07-31,GOOGL,170.56048583984375
2024-08-01,GOOGL,169.7849578857422
2024-08-02,GOOGL,165.70838928222656
2024-08-05,GOOGL,158.34068298339844
2024-08-06,GOOGL,157.38616943359375
2024-08-07,GOOGL,158.03244018554688
2024-08-08,GOOGL,161.10479736328125
2024-08-09,GOOGL,162.7354278564453
2024-08-12,GOOGL,161.3633270263672
2024-08-13,GOOGL,163.22264099121094
2024-08-14,GOOGL,159.4542694091797
2024-08-15,GOOGL,160.3789825439453
2024-08-16,GOOGL,162.02951049804688
2024-08-19,GOOGL,165.7183074951172
2024-08-20,GOOGL,166.22540283203125
2024-08-21,GOOGL,164.90298461914062
2024-08-22,GOOGL,162.8647003173828
2024-08-23,GOOGL,164.67431640625
2024-08-26,GOOGL,165.2112274169922
2024-08-27,GOOGL,163.73965454101562
2024-08-28,GOOGL,161.9201202392578
2024-08-29,GOOGL,160.85623168945312
2024-08-30,GOOGL,162.4470977783203
2024-09-03,GOOGL,156.46145629882812
2024-09-04,GOOGL,155.55665588378906
2024-09-05,GOOGL,156.3421630859375
2024-09-06,GOOGL,150.0582275390625
2024-09-09,GOOGL,148.05706787109375
2024-09-10,GOOGL,148.00729370117188
2024-09-11,GOOGL,150.49630737304688
2024-09-12,GOOGL,154.0108184814453
2024-09-13,GOOGL,156.76866149902344
2024-09-16,GOOGL,157.3660125732422
2024-09-17,GOOGL,158.6204833984375
2024-09-18,GOOGL,159.10833740234375
2024-09-19,GOOGL,161.4281005859375
2024-09-20,GOOGL,162.87173461914062
2024-09-23,GOOGL,161.13937377929688
2024-09-24,GOOGL,161.5774383544922
2024-09-25,GOOGL,160.7809600830078
2024-09-26,GOOGL,162.0155029296875
2024-09-27,GOOGL,163.2301483154297
2024-09-30,GOOGL,165.12181091308594
2024-10-01,GOOGL,166.25680541992188
2024-10-02,GOOGL,165.13177490234375
2024-10-03,GOOGL,165.13177490234375
2024-10-04,GOOGL,166.32650756835938
2024-10-07,GOOGL,162.26441955566406
2024-10-08,GOOGL,163.65826416015625
2024-10-09,GOOGL,161.1493377685547
2024-10-10,GOOGL,161.36834716796875
2024-10-11,GOOGL,162.5232696533203
2024-10-14,GOOGL,164.2357177734375
2024-10-15,GOOGL,164.73353576660156
2024-10-16,GOOGL,164.43484497070312
2024-10-17,GOOGL,162.21463012695312
2024-10-18,GOOGL,162.70248413085938
2024-10-21,GOOGL,163.34963989257812
2024-10-22,GOOGL,164.41493225097656
2024-10-23,GOOGL,162.0653076171875
2024-10-24,GOOGL,162.0055389404297
2024-10-25,GOOGL,164.54437255859375
2024-10-28,GOOGL,165.9879913330078
2024-10-29,GOOGL,168.93499755859375
2024-10-30,GOOGL,173.69400024414062
2024-10-31,GOOGL,170.35870361328125
2024-11-01,GOOGL,170.5379180908203
2024-11-04,GOOGL,168.49693298339844
2024-11-05,GOOGL,168.99473571777344
2024-11-06,GOOGL,175.73500061035156
2024-11-07,GOOGL,179.95639038085938
2024-11-08,GOOGL,177.5669403076172
2024-11-11,GOOGL,179.5581512451172
2024-11-12,GOOGL,180.82257080078125
2024-11-13,GOOGL,178.0946044921875
2024-11-14,GOOGL,174.80909729003906
2024-11-15,GOOGL,171.73265075683594
2024-11-18,GOOGL,174.5303192138672
2024-11-19,GOOGL,177.3379364013672
2024-11-20,GOOGL,175.2073211669922
2024-11-21,GOOGL,166.89401245117188
2024-11-22,GOOGL,164.03659057617188
2024-11-25,GOOGL,166.91387939453125
2024-11-26,GOOGL,168.37745666503906
2024-11-27,GOOGL,168.48696899414062
2024-11-29,GOOGL,168.20819091796875
2024-12-02,GOOGL,170.73704528808594
2024-12-03,GOOGL,170.5876922607422
2024-12-04,GOOGL,173.60438537597656
2024-12-05,GOOGL,171.88198852539062
2024-12-06,GOOGL,173.94290161132812
2024-12-09,GOOGL,174.80010986328125
2024-12-10,GOOGL,184.5682830810547
2024-12-11,GOOGL,194.7650146484375
2024-12-12,GOOGL,191.3362274169922
2024-12-13,GOOGL,189.2031707763672
2024-12-16,GOOGL,196.02093505859375
2024-12-17,GOOGL,194.7849578857422
2024-12-18,GOOGL,187.78778076171875
2024-12-19,GOOGL,187.89739990234375
2024-12-20,GOOGL,190.78799438476562
2024-12-23,GOOGL,193.99752807617188
2024-12-24,GOOGL,195.47271728515625
2024-12-26,GOOGL,194.96437072753906
2024-12-27,GOOGL,192.1335906982422
2024-12-30,GOOGL,190.61856079101562
2024-12-31,GOOGL,188.68484497070312
2025-01-02,GOOGL,188.81442260742188
2025-01-03,GOOGL,191.166748046875
2025-01-06,GOOGL,196.23025512695312
2025-01-07,GOOGL,194.85475158691406
2025-01-08,GOOGL,193.3197479248047
2025-01-10,GOOGL,191.41592407226562
2025-01-13,GOOGL,190.3892822265625
2025-01-14,GOOGL,189.04368591308594
2025-01-15,GOOGL,194.91453552246094
2025-01-16,GOOGL,192.28311157226562
2025-01-17,GOOGL,195.3630828857422
2025-01-21,GOOGL,197.4064178466797
2025-01-22,GOOGL,197.72537231445312
2025-01-23,GOOGL,197.33663940429688
2025-01-24,GOOGL,199.5594024658203
2025-01-27,GOOGL,191.18670654296875
2025-01-28,GOOGL,194.6653594970703
2025-01-29,GOOGL,194.77499389648438
2025-01-30,GOOGL,200.21725463867188
2025-01-31,GOOGL,203.3570098876953
2025-02-03,GOOGL,200.57606506347656
2025-02-04,GOOGL,205.7093505859375
2025-02-05,GOOGL,190.70826721191406
2025-02-06,GOOGL,190.97738647460938
2025-02-07,GOOGL,184.7377166748047
2025-02-10,GOOGL,185.8640594482422
2025-02-11,GOOGL,184.71780395507812
2025-02-12,GOOGL,183.01333618164062
2025-02-13,GOOGL,185.53512573242188
2025-02-14,GOOGL,184.62806701660156
2025-02-18,GOOGL,183.17282104492188
2025-02-19,GOOGL,184.66795349121094
2025-02-20,GOOGL,183.9602508544922
2025-02-21,GOOGL,179.076171875
2025-02-24,GOOGL,178.66751098632812
2025-02-25,GOOGL,174.84994506835938
2025-02-26,GOOGL,172.16868591308594
2025-02-27,GOOGL,167.9524383544922
2025-02-28,GOOGL,169.72665405273438
2025-03-03,GOOGL,166.46728515625
2025-03-04,GOOGL,170.3645782470703
2025-03-05,GOOGL,172.457763671875
2025-03-06,GOOGL,171.78994750976562
2025-03-07,GOOGL,173.29501342773438
2025-03-10,GOOGL,165.52139282226562
2025-03-11,GOOGL,163.6952362060547
2025-03-12,GOOGL,166.7587890625
2025-03-13,GOOGL,162.41793823242188
2025-03-14,GOOGL,165.14219665527344
2025-03-17,GOOGL,163.9447021484375
2025-03-18,GOOGL,160.3323211669922
2025-03-19,GOOGL,163.54556274414062
2025-03-20,GOOGL,162.45785522460938
2025-03-21,GOOGL,163.64535522460938
2025-03-24,GOOGL,167.3275909423828
2025-03-25,GOOGL,170.2015380859375
2025-03-26,GOOGL,164.7130889892578
2025-03-27,GOOGL,161.89903259277344
2025-03-28,GOOGL,154.0056610107422
2025-03-31,GOOGL,154.31500244140625
2025-04-01,GOOGL,156.73989868164062
2025-04-02,GOOGL,156.70994567871094
2025-04-03,GOOGL,150.4032440185547
2025-04-04,GOOGL,145.29400634765625
2025-04-07,GOOGL,146.4415740966797
2025-04-08,GOOGL,144.39588928222656
2025-04-09,GOOGL,158.37644958496094
2025-04-10,GOOGL,152.4988250732422
2025-04-11,GOOGL,156.80975341796875
2025-04-14,GOOGL,158.73570251464844
2025-04-15,GOOGL,155.9814910888672
2025-04-16,GOOGL,153.00775146484375
2025-04-17,GOOGL,150.84231567382812
2025-04-21,GOOGL,147.35964965820312
2025-04-22,GOOGL,151.1516571044922
2025-04-23,GOOGL,155.0235137939453
2025-04-24,GOOGL,158.9452362060547
2025-04-25,GOOGL,161.61962890625
2025-04-28,GOOGL,160.2724609375
2025-04-29,GOOGL,159.8234100341797
2025-04-30,GOOGL,158.4662628173828
2025-05-01,GOOGL,160.96099853515625
2025-05-02,GOOGL,163.68527221679688
2025-05-05,GOOGL,163.86489868164062
2025-05-06,GOOGL,162.88693237304688
2025-05-07,GOOGL,151.06185913085938
2025-05-08,GOOGL,153.9557647705078
2025-05-09,GOOGL,152.42897033691406
2025-05-12,GOOGL,158.12696838378906
2025-05-13,GOOGL,159.19471740722656
2025-05-14,GOOGL,165.02244567871094
2025-05-15,GOOGL,163.61541748046875
2025-05-16,GOOGL,165.84072875976562
2025-05-19,GOOGL,166.1899871826172
2025-05-20,GOOGL,163.6353759765625
2025-05-21,GOOGL,168.20574951171875
2025-05-22,GOOGL,170.51089477539062
2025-05-23,GOOGL,168.11593627929688
2025-05-27,GOOGL,172.53662109375
2025-05-28,GOOGL,171.9977569580078
2025-05-29,GOOGL,171.49880981445312
2025-05-30,GOOGL,171.3790740966797
2025-06-02,GOOGL,168.6747589111328
2025-06-03,GOOGL,165.83074951171875
2025-06-04,GOOGL,167.69680786132812
2025-06-05,GOOGL,167.8564910888672
2025-06-06,GOOGL,173.31497192382812
2025-06-09,GOOGL,175.93264770507812
2025-06-10,GOOGL,178.44041442871094
2025-06-11,GOOGL,177.1915283203125
2025-06-12,GOOGL,175.54299926757812
2025-06-13,GOOGL,174.513916015625
2025-06-16,GOOGL,176.61204528808594
2025-06-17,GOOGL,175.7927703857422
2025-06-18,GOOGL,173.16513061523438
2025-06-20,GOOGL,166.4910888671875
2025-06-23,GOOGL,165.04238891601562
2025-06-24,GOOGL,166.62098693847656
2025-06-25,GOOGL,170.52748107910156
2025-06-26,GOOGL,173.38491821289062
2025-06-27,GOOGL,178.37046813964844
2025-06-30,GOOGL,176.07252502441406
2025-07-01,GOOGL,175.682861328125
2025-07-02,GOOGL,178.48036193847656
2025-07-03,GOOGL,179.36956787109375
2025-07-07,GOOGL,176.63201904296875
2025-07-08,GOOGL,174.20419311523438
2025-07-09,GOOGL,176.46217346191406
2025-07-10,GOOGL,177.46127319335938
2025-07-11,GOOGL,180.02899169921875
2025-07-14,GOOGL,181.3977508544922
2025-07-15,GOOGL,181.83737182617188
2025-07-16,GOOGL,182.80650329589844
2025-07-17,GOOGL,183.41595458984375
2025-07-18,GOOGL,184.89462280273438
2025-07-21,GOOGL,189.9301300048828
2025-07-22,GOOGL,191.1690216064453
2025-07-23,GOOGL,190.0600128173828
2025-07-24,GOOGL,191.99827575683594
2025-07-25,GOOGL,193.0073699951172
2025-07-28,GOOGL,192.4079132080078
2025-07-29,GOOGL,195.5750732421875
2025-07-30,GOOGL,196.35438537597656
2025-07-31,GOOGL,191.728515625
2025-08-01,GOOGL,188.96099853515625
2025-08-04,GOOGL,194.86570739746094
2025-08-05,GOOGL,194.4960479736328
2025-08-06,GOOGL,195.91476440429688
2025-08-07,GOOGL,196.34439086914062
2025-08-08,GOOGL,201.24000549316406
2025-08-11,GOOGL,200.8203887939453
2025-08-12,GOOGL,203.15829467773438
2025-08-13,GOOGL,201.779541015625
2025-08-14,GOOGL,202.75865173339844
2025-08-15,GOOGL,203.71778869628906
2025-08-18,GOOGL,203.3181610107422
2025-08-19,GOOGL,201.389892578125
2025-08-20,GOOGL,199.1418914794922
2025-08-21,GOOGL,199.57150268554688
2025-08-22,GOOGL,205.9058380126953
2025-08-25,GOOGL,208.30369567871094
2025-08-26,GOOGL,206.95489501953125
2025-08-27,GOOGL,207.29458618164062
2025-08-28,GOOGL,211.4508819580078
2025-08-29,GOOGL,212.71974182128906
2025-09-02,GOOGL,211.16114807128906
2025-09-03,GOOGL,230.45388793945312
2025-09-04,GOOGL,232.09242248535156
2025-09-05,GOOGL,234.79000854492188
2025-09-08,GOOGL,234.0399932861328
2025-09-09,GOOGL,239.6300048828125
2025-09-10,GOOGL,239.1699981689453
2025-09-11,GOOGL,240.3699951171875
2025-09-12,GOOGL,240.8000030517578
2020-01-02,AMZN,152.7911376953125
2020-01-03,AMZN,150.8885955810547
2020-01-06,AMZN,151.27859497070312
2020-01-07,AMZN,149.8992919921875
2020-01-08,AMZN,152.28697204589844
2020-01-09,AMZN,154.189453125
2020-01-10,AMZN,153.4760284423828
2020-01-13,AMZN,155.3214569091797
2020-01-14,AMZN,154.22750854492188
2020-01-15,AMZN,155.22630310058594
2020-01-16,AMZN,158.07061767578125
2020-01-17,AMZN,158.95526123046875
2020-01-21,AMZN,158.38455200195312
2020-01-22,AMZN,157.62356567382812
2020-01-23,AMZN,158.59378051757812
2020-01-24,AMZN,156.99569702148438
2020-01-27,AMZN,154.37020874023438
2020-01-28,AMZN,157.39523315429688
2020-01-29,AMZN,159.84942626953125
2020-01-30,AMZN,164.35845947265625
2020-01-31,AMZN,161.9327392578125
2020-02-03,AMZN,165.88046264648438
2020-02-04,AMZN,171.34066772460938
2020-02-05,AMZN,171.1313934326172
2020-02-06,AMZN,174.67955017089844
2020-02-07,AMZN,174.92691040039062
2020-02-10,AMZN,179.50245666503906
2020-02-11,AMZN,175.4501190185547
2020-02-12,AMZN,175.70689392089844
2020-02-13,AMZN,174.7556610107422
2020-02-14,AMZN,176.31573486328125
2020-02-18,AMZN,178.10414123535156
2020-02-19,AMZN,178.63827514648438
2020-02-20,AMZN,175.9102325439453
2020-02-21,AMZN,170.34922790527344
2020-02-24,AMZN,163.00457763671875
2020-02-25,AMZN,160.31468200683594
2020-02-26,AMZN,162.31781005859375
2020-02-27,AMZN,150.88101196289062
2020-02-28,AMZN,154.53428649902344
2020-03-02,AMZN,164.81683349609375
2020-03-03,AMZN,156.91897583007812
2020-03-04,AMZN,162.68026733398438
2020-03-05,AMZN,158.59774780273438
2020-03-06,AMZN,154.11460876464844
2020-03-09,AMZN,143.6698760986328
2020-03-10,AMZN,153.49456787109375
2020-03-11,AMZN,146.54103088378906
2020-03-12,AMZN,132.643310546875
2020-03-13,AMZN,151.5010528564453
2020-03-16,AMZN,129.17124938964844
2020-03-17,AMZN,139.8067626953125
2020-03-18,AMZN,133.92147827148438
2020-03-19,AMZN,136.1248779296875
2020-03-20,AMZN,131.0122528076172
2020-03-23,AMZN,129.70545959472656
2020-03-24,AMZN,141.4951171875
2020-03-25,AMZN,140.14060974121094
2020-03-26,AMZN,148.90658569335938
2020-03-27,AMZN,142.79232788085938
2020-03-30,AMZN,152.83644104003906
2020-03-31,AMZN,150.43275451660156
2020-04-01,AMZN,145.09112548828125
2020-04-02,AMZN,148.0957794189453
2020-04-03,AMZN,146.73178100585938
2020-04-06,AMZN,157.64385986328125
2020-04-07,AMZN,155.94606018066406
2020-04-08,AMZN,157.5103759765625
2020-04-09,AMZN,157.51986694335938
2020-04-13,AMZN,157.8728485107422
2020-04-14,AMZN,165.68487548828125
2020-04-15,AMZN,163.94888305664062
2020-04-16,AMZN,168.87078857421875
2020-04-17,AMZN,170.35882568359375
2020-04-20,AMZN,166.9821319580078
2020-04-21,AMZN,160.0762176513672
2020-04-22,AMZN,165.51319885253906
2020-04-23,AMZN,163.51011657714844
2020-04-24,AMZN,166.4956817626953
2020-04-27,AMZN,166.01873779296875
2020-04-28,AMZN,161.97438049316406
2020-04-29,AMZN,169.24276733398438
2020-04-30,AMZN,170.9406280517578
2020-05-01,AMZN,166.51470947265625
2020-05-04,AMZN,170.5877227783203
2020-05-05,AMZN,172.41912841796875
2020-05-06,AMZN,174.11697387695312
2020-05-07,AMZN,175.12808227539062
2020-05-08,AMZN,176.1582489013672
2020-05-11,AMZN,178.12318420410156
2020-05-12,AMZN,174.08836364746094
2020-05-13,AMZN,171.45570373535156
2020-05-14,AMZN,172.19972229003906
2020-05-15,AMZN,174.7083740234375
2020-05-18,AMZN,176.37767028808594
2020-05-19,AMZN,175.1566925048828
2020-05-20,AMZN,177.5862579345703
2020-05-21,AMZN,175.4532012939453
2020-05-22,AMZN,175.52969360351562
2020-05-26,AMZN,173.6741485595703
2020-05-27,AMZN,173.9036407470703
2020-05-28,AMZN,173.51148986816406
2020-05-29,AMZN,175.28106689453125
2020-06-01,AMZN,174.8793182373047
2020-06-02,AMZN,176.86888122558594
2020-06-03,AMZN,177.29928588867188
2020-06-04,AMZN,174.9653778076172
2020-06-05,AMZN,179.0592498779297
2020-06-08,AMZN,180.1688232421875
2020-06-09,AMZN,181.54624938964844
2020-06-10,AMZN,188.2800750732422
2020-06-11,AMZN,178.16970825195312
2020-06-12,AMZN,179.57582092285156
2020-06-15,AMZN,180.72361755371094
2020-06-16,AMZN,185.15228271484375
2020-06-17,AMZN,185.79315185546875
2020-06-18,AMZN,187.78268432617188
2020-06-19,AMZN,186.66354370117188
2020-06-22,AMZN,191.8478546142578
2020-06-23,AMZN,193.12957763671875
2020-06-24,AMZN,189.236572265625
2020-06-25,AMZN,191.6278839111328
2020-06-26,AMZN,187.79225158691406
2020-06-29,AMZN,189.8105010986328
2020-06-30,AMZN,194.66001892089844
2020-07-01,AMZN,195.7982177734375
2020-07-02,AMZN,197.2904510498047
2020-07-06,AMZN,201.53732299804688
2020-07-07,AMZN,199.1938934326172
2020-07-08,AMZN,203.57470703125
2020-07-09,AMZN,204.99990844726562
2020-07-10,AMZN,204.37818908691406
2020-07-13,AMZN,198.06520080566406
2020-07-14,AMZN,199.2895050048828
2020-07-15,AMZN,198.9929962158203
2020-07-16,AMZN,195.0522003173828
2020-07-17,AMZN,194.05740356445312
2020-07-20,AMZN,202.39822387695312
2020-07-21,AMZN,199.672119140625
2020-07-22,AMZN,202.5417022705078
2020-07-23,AMZN,193.73219299316406
2020-07-24,AMZN,192.54611206054688
2020-07-27,AMZN,194.9852294921875
2020-07-28,AMZN,193.23480224609375
2020-07-29,AMZN,195.18609619140625
2020-07-30,AMZN,195.03302001953125
2020-07-31,AMZN,196.09474182128906
2020-08-03,AMZN,207.1233673095703
2020-08-04,AMZN,204.01466369628906
2020-08-05,AMZN,203.6798858642578
2020-08-06,AMZN,206.941650390625
2020-08-07,AMZN,203.2399139404297
2020-08-10,AMZN,199.1938934326172
2020-08-11,AMZN,194.53565979003906
2020-08-12,AMZN,200.09298706054688
2020-08-13,AMZN,199.62429809570312
2020-08-14,AMZN,199.81561279296875
2020-08-17,AMZN,201.1355743408203
2020-08-18,AMZN,202.29299926757812
2020-08-19,AMZN,201.06568908691406
2020-08-20,AMZN,205.74478149414062
2020-08-21,AMZN,204.24900817871094
2020-08-24,AMZN,204.89141845703125
2020-08-25,AMZN,207.55690002441406
2020-08-26,AMZN,212.04425048828125
2020-08-27,AMZN,217.25067138671875
2020-08-28,AMZN,219.48471069335938
2020-08-31,AMZN,216.24388122558594
2020-09-01,AMZN,217.91224670410156
2020-09-02,AMZN,222.1118927001953
2020-09-03,AMZN,208.35279846191406
2020-09-04,AMZN,205.4282989501953
2020-09-08,AMZN,194.31558227539062
2020-09-09,AMZN,202.59017944335938
2020-09-10,AMZN,196.9139404296875
2020-09-11,AMZN,195.629150390625
2020-09-14,AMZN,196.95236206054688
2020-09-15,AMZN,200.18356323242188
2020-09-16,AMZN,196.6071319580078
2020-09-17,AMZN,194.5552520751953
2020-09-18,AMZN,192.1390380859375
2020-09-21,AMZN,194.20050048828125
2020-09-22,AMZN,198.8795623779297
2020-09-23,AMZN,192.33078002929688
2020-09-24,AMZN,194.82376098632812
2020-09-25,AMZN,199.2631072998047
2020-09-28,AMZN,200.81642150878906
2020-09-29,AMZN,198.7261505126953
2020-09-30,AMZN,201.66973876953125
2020-10-01,AMZN,203.71206665039062
2020-10-02,AMZN,197.70022583007812
2020-10-05,AMZN,201.7176971435547
2020-10-06,AMZN,197.43173217773438
2020-10-07,AMZN,201.1903533935547
2020-10-08,AMZN,201.9095001220703
2020-10-09,AMZN,206.9241485595703
2020-10-12,AMZN,212.28390502929688
2020-10-13,AMZN,213.68382263183594
2020-10-14,AMZN,211.76617431640625
2020-10-15,AMZN,210.61561584472656
2020-10-16,AMZN,210.61561584472656
2020-10-19,AMZN,205.39956665039062
2020-10-20,AMZN,205.81187438964844
2020-10-21,AMZN,205.95567321777344
2020-10-22,AMZN,206.0419921875
2020-10-23,AMZN,207.3268280029297
2020-10-26,AMZN,201.42999267578125
2020-10-27,AMZN,204.46949768066406
2020-10-28,AMZN,194.334716796875
2020-10-29,AMZN,196.2907257080078
2020-10-30,AMZN,194.1333770751953
2020-11-02,AMZN,193.99916076660156
2020-11-03,AMZN,197.93028259277344
2020-11-04,AMZN,207.480224609375
2020-11-05,AMZN,214.09613037109375
2020-11-06,AMZN,214.5084228515625
2020-11-09,AMZN,209.39784240722656
2020-11-10,AMZN,202.3217315673828
2020-11-11,AMZN,207.63363647460938
2020-11-12,AMZN,206.56936645507812
2020-11-13,AMZN,207.5952911376953
2020-11-16,AMZN,208.28564453125
2020-11-17,AMZN,205.62969970703125
2020-11-18,AMZN,202.91871643066406
2020-11-19,AMZN,204.20689392089844
2020-11-20,AMZN,202.25535583496094
2020-11-23,AMZN,201.98622131347656
2020-11-24,AMZN,205.59124755859375
2020-11-25,AMZN,205.60084533691406
2020-11-27,AMZN,206.90829467773438
2020-11-30,AMZN,205.79310607910156
2020-12-01,AMZN,207.8503875732422
2020-12-02,AMZN,207.04287719726562
2020-12-03,AMZN,205.95652770996094
2020-12-04,AMZN,206.0718994140625
2020-12-07,AMZN,206.004638671875
2020-12-08,AMZN,207.6580810546875
2020-12-09,AMZN,203.6108856201172
2020-12-10,AMZN,202.38040161132812
2020-12-11,AMZN,205.01443481445312
2020-12-14,AMZN,205.9180908203125
2020-12-15,AMZN,205.85084533691406
2020-12-16,AMZN,210.8016815185547
2020-12-17,AMZN,210.93624877929688
2020-12-18,AMZN,210.13836669921875
2020-12-21,AMZN,213.98367309570312
2020-12-22,AMZN,215.281494140625
2020-12-23,AMZN,212.47439575195312
2020-12-24,AMZN,214.13751220703125
2020-12-28,AMZN,216.26205444335938
2020-12-29,AMZN,215.48336791992188
2020-12-30,AMZN,213.10888671875
2020-12-31,AMZN,213.8202667236328
2021-01-04,AMZN,209.2731475830078
2021-01-05,AMZN,209.47503662109375
2021-01-06,AMZN,204.0435028076172
2021-01-07,AMZN,209.8499298095703
2021-01-08,AMZN,211.12852478027344
2021-01-11,AMZN,209.0808868408203
2021-01-12,AMZN,206.619873046875
2021-01-13,AMZN,207.97535705566406
2021-01-14,AMZN,204.7837371826172
2021-01-15,AMZN,204.4280548095703
2021-01-19,AMZN,208.07151794433594
2021-01-20,AMZN,215.666015625
2021-01-21,AMZN,216.27169799804688
2021-01-22,AMZN,217.2137908935547
2021-01-25,AMZN,220.6553955078125
2021-01-26,AMZN,223.34713745117188
2021-01-27,AMZN,223.89508056640625
2021-01-28,AMZN,229.69190979003906
2021-01-29,AMZN,222.99142456054688
2021-02-01,AMZN,230.38409423828125
2021-02-02,AMZN,230.24951171875
2021-02-03,AMZN,233.6045684814453
2021-02-04,AMZN,232.65284729003906
2021-02-05,AMZN,232.8354949951172
2021-02-08,AMZN,233.0950164794922
2021-02-09,AMZN,234.3448028564453
2021-02-10,AMZN,233.43157958984375
2021-02-11,AMZN,235.03697204589844
2021-02-12,AMZN,235.5176544189453
2021-02-16,AMZN,234.27749633789062
2021-02-17,AMZN,235.29885864257812
2021-02-18,AMZN,234.90377807617188
2021-02-19,AMZN,232.1865997314453
2021-02-22,AMZN,225.96206665039062
2021-02-23,AMZN,224.76724243164062
2021-02-24,AMZN,226.00059509277344
2021-02-25,AMZN,220.6432647705078
2021-02-26,AMZN,223.9097137451172
2021-03-01,AMZN,228.30349731445312
2021-03-02,AMZN,225.34535217285156
2021-03-03,AMZN,219.26539611816406
2021-03-04,AMZN,218.4656524658203
2021-03-05,AMZN,223.15817260742188
2021-03-08,AMZN,219.1016082763672
2021-03-09,AMZN,225.2586669921875
2021-03-10,AMZN,223.94818115234375
2021-03-11,AMZN,228.48658752441406
2021-03-12,AMZN,227.1568145751953
2021-03-15,AMZN,226.25112915039062
2021-03-16,AMZN,229.04542541503906
2021-03-17,AMZN,228.39984130859375
2021-03-18,AMZN,222.31021118164062
2021-03-19,AMZN,221.95370483398438
2021-03-22,AMZN,227.38812255859375
2021-03-23,AMZN,228.92015075683594
2021-03-24,AMZN,226.87741088867188
2021-03-25,AMZN,223.8711700439453
2021-03-26,AMZN,227.8602294921875
2021-03-29,AMZN,226.66546630859375
2021-03-30,AMZN,223.39898681640625
2021-03-31,AMZN,227.17613220214844
2021-04-01,AMZN,233.5162811279297
2021-04-05,AMZN,239.99134826660156
2021-04-06,AMZN,238.825439453125
2021-04-07,AMZN,240.7910919189453
2021-04-08,AMZN,244.01898193359375
2021-04-09,AMZN,246.5242156982422
2021-04-12,AMZN,246.58206176757812
2021-04-13,AMZN,249.06797790527344
2021-04-14,AMZN,246.27371215820312
2021-04-15,AMZN,250.0411376953125
2021-04-16,AMZN,251.23597717285156
2021-04-19,AMZN,249.3088836669922
2021-04-20,AMZN,248.8463897705078
2021-04-21,AMZN,251.08181762695312
2021-04-22,AMZN,247.7960968017578
2021-04-23,AMZN,251.63099670410156
2021-04-26,AMZN,252.01646423339844
2021-04-27,AMZN,252.4211883544922
2021-04-28,AMZN,245.2812042236328
2021-04-29,AMZN,243.30593872070312
2021-04-30,AMZN,242.9879913330078
2021-05-03,AMZN,242.6796417236328
2021-05-04,AMZN,238.75799560546875
2021-05-05,AMZN,237.48611450195312
2021-05-06,AMZN,240.62728881835938
2021-05-07,AMZN,243.25779724121094
2021-05-10,AMZN,238.1702423095703
2021-05-11,AMZN,237.2548370361328
2021-05-12,AMZN,230.2884063720703
2021-05-13,AMZN,234.17152404785156
2021-05-14,AMZN,239.10488891601562
2021-05-17,AMZN,236.24313354492188
2021-05-18,AMZN,234.21971130371094
2021-05-19,AMZN,234.79913330078125
2021-05-20,AMZN,238.04415893554688
2021-05-21,AMZN,236.7789764404297
2021-05-24,AMZN,242.19699096679688
2021-05-25,AMZN,243.10479736328125
2021-05-26,AMZN,242.88272094726562
2021-05-27,AMZN,240.7772979736328
2021-05-28,AMZN,241.13462829589844
2021-06-01,AMZN,238.93267822265625
2021-06-02,AMZN,238.8361053466797
2021-06-03,AMZN,237.30052185058594
2021-06-04,AMZN,242.20663452148438
2021-06-07,AMZN,245.12327575683594
2021-06-08,AMZN,243.9257049560547
2021-06-09,AMZN,244.91079711914062
2021-06-10,AMZN,248.43588256835938
2021-06-11,AMZN,249.063720703125
2021-06-14,AMZN,250.9952392578125
2021-06-15,AMZN,249.51751708984375
2021-06-16,AMZN,248.5710906982422
2021-06-17,AMZN,251.97061157226562
2021-06-18,AMZN,250.5509490966797
2021-06-21,AMZN,253.6414031982422
2021-06-22,AMZN,256.4228210449219
2021-06-23,AMZN,256.1910400390625
2021-06-24,AMZN,257.5625
2021-06-25,AMZN,255.9495849609375
2021-06-28,AMZN,259.52288818359375
2021-06-29,AMZN,262.1112365722656
2021-06-30,AMZN,261.6283264160156
2021-07-01,AMZN,262.30438232421875
2021-07-02,AMZN,268.1473083496094
2021-07-06,AMZN,268.156982421875
2021-07-07,AMZN,270.34930419921875
2021-07-08,AMZN,267.9252624511719
2021-07-09,AMZN,268.4274597167969
2021-07-12,AMZN,267.8286437988281
2021-07-13,AMZN,271.3633728027344
2021-07-14,AMZN,272.84100341796875
2021-07-15,AMZN,271.4117126464844
2021-07-16,AMZN,271.14129638671875
2021-07-19,AMZN,267.52923583984375
2021-07-20,AMZN,269.76025390625
2021-07-21,AMZN,271.76898193359375
2021-07-22,AMZN,276.3467712402344
2021-07-23,AMZN,279.7558898925781
2021-07-26,AMZN,279.15716552734375
2021-07-27,AMZN,276.73309326171875
2021-07-28,AMZN,276.4240417480469
2021-07-29,AMZN,276.69451904296875
2021-07-30,AMZN,275.1588439941406
2021-08-02,AMZN,275.0719909667969
2021-08-03,AMZN,277.2931823730469
2021-08-04,AMZN,276.7041015625
2021-08-05,AMZN,279.611083984375
2021-08-06,AMZN,279.5531311035156
2021-08-09,AMZN,278.46185302734375
2021-08-10,AMZN,276.636474609375
2021-08-11,AMZN,277.1291198730469
2021-08-12,AMZN,279.8911437988281
2021-08-13,AMZN,282.8270568847656
2021-08-16,AMZN,284.51727294921875
2021-08-17,AMZN,283.0491943359375
2021-08-18,AMZN,281.3172607421875
2021-08-19,AMZN,287.16168212890625
2021-08-20,AMZN,294.5058898925781
2021-08-23,AMZN,294.7865295410156
2021-08-24,AMZN,292.8222351074219
2021-08-25,AMZN,292.23199462890625
2021-08-26,AMZN,289.4065246582031
2021-08-27,AMZN,290.0161437988281
2021-08-30,AMZN,293.7608337402344
2021-08-31,AMZN,292.106201171875
2021-09-01,AMZN,292.0578308105469
2021-09-02,AMZN,291.3998107910156
2021-09-03,AMZN,291.3901672363281
2021-09-07,AMZN,290.4612731933594
2021-09-08,AMZN,290.4902648925781
2021-09-09,AMZN,287.6260986328125
2021-09-10,AMZN,286.1359558105469
2021-09-13,AMZN,287.37451171875
2021-09-14,AMZN,290.0838623046875
2021-09-15,AMZN,294.9510803222656
2021-09-16,AMZN,295.33807373046875
2021-09-17,AMZN,290.1612548828125
2021-09-20,AMZN,284.7716064453125
2021-09-21,AMZN,285.2554016113281
2021-09-22,AMZN,288.9130859375
2021-09-23,AMZN,289.86126708984375
2021-09-24,AMZN,289.65814208984375
2021-09-27,AMZN,284.6458740234375
2021-09-28,AMZN,274.340576171875
2021-09-29,AMZN,274.8050842285156
2021-09-30,AMZN,272.79248046875
2021-10-01,AMZN,279.7399597167969
2021-10-04,AMZN,273.94390869140625
2021-10-05,AMZN,279.4109802246094
2021-10-06,AMZN,283.6201477050781
2021-10-07,AMZN,285.3038330078125
2021-10-08,AMZN,285.3038330078125
2021-10-11,AMZN,284.70391845703125
2021-10-12,AMZN,283.3975830078125
2021-10-13,AMZN,286.71661376953125
2021-10-14,AMZN,292.94805908203125
2021-10-15,AMZN,294.3608093261719
2021-10-18,AMZN,297.3410949707031
2021-10-19,AMZN,298.2506103515625
2021-10-20,AMZN,297.45721435546875
2021-10-21,AMZN,300.69873046875
2021-10-22,AMZN,299.15057373046875
2021-10-25,AMZN,298.1537780761719
2021-10-26,AMZN,300.0697021484375
2021-10-27,AMZN,312.7069091796875
2021-10-28,AMZN,313.8487548828125
2021-10-29,AMZN,320.8832702636719
2021-11-01,AMZN,318.7061767578125
2021-11-02,AMZN,322.3445129394531
2021-11-03,AMZN,323.1863098144531
2021-11-04,AMZN,325.5473327636719
2021-11-05,AMZN,325.17962646484375
2021-11-08,AMZN,326.07940673828125
2021-11-09,AMZN,325.0730895996094
2021-11-10,AMZN,320.0898132324219
2021-11-11,AMZN,321.6672058105469
2021-11-12,AMZN,325.8182678222656
2021-11-15,AMZN,325.18927001953125
2021-11-16,AMZN,328.5178527832031
2021-11-17,AMZN,328.7407531738281
2021-11-18,AMZN,330.8249816894531
2021-11-19,AMZN,332.6087951660156
2021-11-22,AMZN,329.4291076660156
2021-11-23,AMZN,327.34490966796875
2021-11-24,AMZN,327.5679016113281
2021-11-26,AMZN,319.58978271484375
2021-11-29,AMZN,326.3270263671875
2021-11-30,AMZN,320.4719543457031
2021-12-01,AMZN,319.9774475097656
2021-12-02,AMZN,319.40557861328125
2021-12-03,AMZN,313.1239318847656
2021-12-06,AMZN,316.2065734863281
2021-12-07,AMZN,324.6693420410156
2021-12-08,AMZN,324.71783447265625
2021-12-09,AMZN,322.9051208496094
2021-12-10,AMZN,332.05621337890625
2021-12-13,AMZN,329.0122375488281
2021-12-14,AMZN,318.290771484375
2021-12-15,AMZN,324.40765380859375
2021-12-16,AMZN,314.9560241699219
2021-12-17,AMZN,313.88970947265625
2021-12-20,AMZN,310.1187438964844
2021-12-21,AMZN,317.27294921875
2021-12-22,AMZN,323.0020446777344
2021-12-23,AMZN,324.4464416503906
2021-12-27,AMZN,331.9689636230469
2021-12-28,AMZN,330.8056640625
2021-12-29,AMZN,331.4842529296875
2021-12-30,AMZN,328.9346923828125
2021-12-31,AMZN,326.0265197753906
2022-01-03,AMZN,324.50457763671875
2022-01-04,AMZN,318.9402770996094
2022-01-05,AMZN,306.69683837890625
2022-01-06,AMZN,304.2732849121094
2022-01-07,AMZN,304.428466796875
2022-01-10,AMZN,304.6513977050781
2022-01-11,AMZN,305.3396911621094
2022-01-12,AMZN,308.5289611816406
2022-01-13,AMZN,295.4712829589844
2022-01-14,AMZN,300.70599365234375
2022-01-18,AMZN,293.3870849609375
2022-01-19,AMZN,294.04632568359375
2022-01-20,AMZN,292.36920166015625
2022-01-21,AMZN,286.9696350097656
2022-01-24,AMZN,287.2992858886719
2022-01-25,AMZN,279.6604309082031
2022-01-26,AMZN,287.6288146972656
2022-01-27,AMZN,290.66314697265625
2022-01-28,AMZN,298.82537841796875
2022-01-31,AMZN,301.46209716796875
2022-02-01,AMZN,299.31005859375
2022-02-02,AMZN,303.8662109375
2022-02-03,AMZN,292.0298767089844
2022-02-04,AMZN,296.57635498046875
2022-02-07,AMZN,291.73919677734375
2022-02-08,AMZN,295.23858642578125
2022-02-09,AMZN,301.6850891113281
2022-02-10,AMZN,293.1253356933594
2022-02-11,AMZN,286.0099792480469
2022-02-14,AMZN,285.9711608886719
2022-02-15,AMZN,291.2737731933594
2022-02-16,AMZN,290.933837890625
2022-02-17,AMZN,282.4146728515625
2022-02-18,AMZN,279.6947326660156
2022-02-22,AMZN,279.4906921386719
2022-02-23,AMZN,272.25384521484375
2022-02-24,AMZN,286.1642150878906
2022-02-25,AMZN,288.80645751953125
2022-02-28,AMZN,290.24420166015625
2022-03-01,AMZN,286.5139465332031
2022-03-02,AMZN,291.6040954589844
2022-03-03,AMZN,287.4561462402344
2022-03-04,AMZN,281.5694885253906
2022-03-07,AMZN,270.93267822265625
2022-03-08,AMZN,267.9602355957031
2022-03-09,AMZN,280.24835205078125
2022-03-10,AMZN,277.4216003417969
2022-03-11,AMZN,272.05950927734375
2022-03-14,AMZN,268.5333557128906
2022-03-15,AMZN,278.9369812011719
2022-03-16,AMZN,285.969970703125
2022-03-17,AMZN,286.77618408203125
2022-03-18,AMZN,291.83721923828125
2022-03-21,AMZN,290.6035461425781
2022-03-22,AMZN,295.3634033203125
2022-03-23,AMZN,290.9240417480469
2022-03-24,AMZN,295.4022521972656
2022-03-25,AMZN,294.9942626953125
2022-03-28,AMZN,301.8135070800781
2022-03-29,AMZN,306.3887023925781
2022-03-30,AMZN,304.883056640625
2022-03-31,AMZN,299.49176025390625
2022-04-01,AMZN,300.570068359375
2022-04-04,AMZN,305.9613037109375
2022-04-05,AMZN,301.9883117675781
2022-04-06,AMZN,290.933837890625
2022-04-07,AMZN,292.75030517578125
2022-04-08,AMZN,288.4761657714844
2022-04-11,AMZN,277.10107421875
2022-04-12,AMZN,273.99261474609375
2022-04-13,AMZN,279.3935546875
2022-04-14,AMZN,271.82635498046875
2022-04-18,AMZN,272.4966735839844
2022-04-19,AMZN,277.1399230957031
2022-04-20,AMZN,278.1695556640625
2022-04-21,AMZN,272.7782897949219
2022-04-22,AMZN,266.1922302246094
2022-04-25,AMZN,272.69097900390625
2022-04-26,AMZN,262.49127197265625
2022-04-27,AMZN,275.11944580078125
2022-04-28,AMZN,281.3460693359375
2022-04-29,AMZN,269.5824279785156
2022-05-02,AMZN,276.3336486816406
2022-05-03,AMZN,273.7205810546875
2022-05-04,AMZN,281.6860656738281
2022-05-05,AMZN,269.41729736328125
2022-05-06,AMZN,266.8722839355469
2022-05-09,AMZN,257.0125427246094
2022-05-10,AMZN,261.7918701171875
2022-05-11,AMZN,253.0978546142578
2022-05-12,AMZN,248.04656982421875
2022-05-13,AMZN,253.65155029296875
2022-05-16,AMZN,254.02064514160156
2022-05-17,AMZN,259.1885070800781
2022-05-18,AMZN,247.38775634765625
2022-05-19,AMZN,246.4724884033203
2022-05-20,AMZN,245.90774536132812
2022-05-23,AMZN,253.78468322753906
2022-05-24,AMZN,252.78179931640625
2022-05-25,AMZN,255.60543823242188
2022-05-26,AMZN,258.89642333984375
2022-05-27,AMZN,266.0431213378906
2022-05-31,AMZN,264.7091369628906
2022-06-01,AMZN,265.24462890625
2022-06-02,AMZN,267.3477783203125
2022-06-03,AMZN,262.9078674316406
2022-06-06,AMZN,261.67132568359375
2022-06-07,AMZN,265.3226013183594
2022-06-08,AMZN,263.2876281738281
2022-06-09,AMZN,257.815673828125
2022-06-10,AMZN,246.3264617919922
2022-06-13,AMZN,235.87905883789062
2022-06-14,AMZN,238.0503387451172
2022-06-15,AMZN,245.12884521484375
2022-06-16,AMZN,238.51768493652344
2022-06-17,AMZN,241.1270751953125
2022-06-21,AMZN,247.05670166015625
2022-06-22,AMZN,246.46278381347656
2022-06-23,AMZN,252.0418243408203
2022-06-24,AMZN,260.6490173339844
2022-06-27,AMZN,257.91302490234375
2022-06-28,AMZN,249.72451782226562
2022-06-29,AMZN,253.40501403808594
2022-06-30,AMZN,250.06527709960938
2022-07-01,AMZN,252.74282836914062
2022-07-05,AMZN,255.9268035888672
2022-07-06,AMZN,259.1982116699219
2022-07-07,AMZN,261.3305358886719
2022-07-08,AMZN,260.6100769042969
2022-07-11,AMZN,257.54302978515625
2022-07-12,AMZN,246.98854064941406
2022-07-13,AMZN,246.06353759765625
2022-07-14,AMZN,247.38775634765625
2022-07-15,AMZN,249.95819091796875
2022-07-18,AMZN,247.55325317382812
2022-07-19,AMZN,252.6942138671875
2022-07-20,AMZN,255.3619842529297
2022-07-21,AMZN,257.8642578125
2022-07-22,AMZN,253.5022735595703
2022-07-25,AMZN,252.01258850097656
2022-07-26,AMZN,245.26515197753906
2022-07-27,AMZN,261.6615905761719
2022-07-28,AMZN,269.1295471191406
2022-07-29,AMZN,273.34552001953125
2022-08-01,AMZN,270.6875
2022-08-02,AMZN,267.58148193359375
2022-08-03,AMZN,275.0299377441406
2022-08-04,AMZN,276.17889404296875
2022-08-05,AMZN,275.4583740234375
2022-08-08,AMZN,272.93658447265625
2022-08-09,AMZN,274.86444091796875
2022-08-10,AMZN,281.5437927246094
2022-08-11,AMZN,279.4600830078125
2022-08-12,AMZN,284.2213439941406
2022-08-15,AMZN,285.7402038574219
2022-08-16,AMZN,285.000244140625
2022-08-17,AMZN,284.24896240234375
2022-08-18,AMZN,283.1268615722656
2022-08-19,AMZN,279.2044372558594
2022-08-22,AMZN,271.0083312988281
2022-08-23,AMZN,269.7301025390625
2022-08-24,AMZN,269.0959167480469
2022-08-25,AMZN,272.0816345214844
2022-08-26,AMZN,261.5827331542969
2022-08-29,AMZN,258.7922058105469
2022-08-30,AMZN,256.5870666503906
2022-08-31,AMZN,255.12347412109375
2022-09-01,AMZN,254.07943725585938
2022-09-02,AMZN,249.8448028564453
2022-09-06,AMZN,247.1029815673828
2022-09-07,AMZN,251.8255157470703
2022-09-08,AMZN,252.24505615234375
2022-09-09,AMZN,258.0408630371094
2022-09-12,AMZN,260.17779541015625
2022-09-13,AMZN,245.87356567382812
2022-09-14,AMZN,246.09799194335938
2022-09-15,AMZN,239.42401123046875
2022-09-16,AMZN,238.79957580566406
2022-09-19,AMZN,238.58486938476562
2022-09-20,AMZN,236.56512451171875
2022-09-21,AMZN,233.15008544921875
2022-09-22,AMZN,235.13079833984375
2022-09-23,AMZN,232.1450958251953
2022-09-26,AMZN,231.6865234375
2022-09-27,AMZN,230.67176818847656
2022-09-28,AMZN,235.2186279296875
2022-09-29,AMZN,231.7353057861328
2022-09-30,AMZN,227.2469024658203
2022-10-03,AMZN,234.89663696289062
2022-10-04,AMZN,242.8390655517578
2022-10-05,AMZN,243.1512908935547
2022-10-06,AMZN,240.79977416992188
2022-10-07,AMZN,228.55441284179688
2022-10-10,AMZN,223.68553161621094
2022-10-11,AMZN,219.93873596191406
2022-10-12,AMZN,220.27049255371094
2022-10-13,AMZN,228.55441284179688
2022-10-14,AMZN,223.01226806640625
2022-10-17,AMZN,231.76455688476562
2022-10-18,AMZN,232.7110137939453
2022-10-19,AMZN,230.74002075195312
2022-10-20,AMZN,230.41806030273438
2022-10-21,AMZN,236.24313354492188
2022-10-24,AMZN,241.24862670898438
2022-10-25,AMZN,244.5758514404297
2022-10-26,AMZN,225.7052764892578
2022-10-27,AMZN,221.2462158203125
2022-10-28,AMZN,230.14480590820312
2022-10-31,AMZN,226.49563598632812
2022-11-01,AMZN,222.63174438476562
2022-11-02,AMZN,214.7576141357422
2022-11-03,AMZN,209.04962158203125
2022-11-04,AMZN,216.01629638671875
2022-11-07,AMZN,222.33901977539062
2022-11-08,AMZN,223.31472778320312
2022-11-09,AMZN,219.06056213378906
2022-11-10,AMZN,237.08226013183594
2022-11-11,AMZN,241.112060546875
2022-11-14,AMZN,235.68698120117188
2022-11-15,AMZN,236.09681701660156
2022-11-16,AMZN,236.5272979736328
2022-11-17,AMZN,236.47837829589844
2022-11-18,AMZN,236.02828979492188
2022-11-21,AMZN,236.8404083251953
2022-11-22,AMZN,239.7562713623047
2022-11-23,AMZN,242.2514190673828
2022-11-25,AMZN,242.163330078125
2022-11-28,AMZN,236.556640625
2022-11-29,AMZN,235.157470703125
2022-11-30,AMZN,249.648681640625
2022-12-01,AMZN,249.20835876464844
2022-12-02,AMZN,249.53128051757812
2022-12-05,AMZN,244.8150177001953
2022-12-06,AMZN,239.8443603515625
2022-12-07,AMZN,239.11048889160156
2022-12-08,AMZN,242.0752716064453
2022-12-09,AMZN,240.13787841796875
2022-12-12,AMZN,247.0752716064453
2022-12-13,AMZN,251.39039611816406
2022-12-14,AMZN,251.68389892578125
2022-12-15,AMZN,243.65060424804688
2022-12-16,AMZN,239.42359924316406
2022-12-19,AMZN,235.2748565673828
2022-12-20,AMZN,236.59579467773438
2022-12-21,AMZN,239.16917419433594
2022-12-22,AMZN,233.06350708007812
2022-12-23,AMZN,233.5918426513672
2022-12-27,AMZN,231.85997009277344
2022-12-28,AMZN,229.4822540283203
2022-12-29,AMZN,235.8227996826172
2022-12-30,AMZN,234.65843200683594
2023-01-03,AMZN,234.423583984375
2023-01-04,AMZN,224.16915893554688
2023-01-05,AMZN,217.52525329589844
2023-01-06,AMZN,220.08885192871094
2023-01-09,AMZN,222.23175048828125
2023-01-10,AMZN,223.92453002929688
2023-01-11,AMZN,230.69558715820312
2023-01-12,AMZN,233.37661743164062
2023-01-13,AMZN,234.0811004638672
2023-01-17,AMZN,235.17698669433594
2023-01-18,AMZN,230.73472595214844
2023-01-19,AMZN,226.938232421875
2023-01-20,AMZN,235.0498046875
2023-01-23,AMZN,237.35902404785156
2023-01-24,AMZN,236.83065795898438
2023-01-25,AMZN,235.431396484375
2023-01-26,AMZN,242.66238403320312
2023-01-27,AMZN,242.81893920898438
2023-01-30,AMZN,237.48623657226562
2023-01-31,AMZN,242.47642517089844
2023-02-01,AMZN,247.3101043701172
2023-02-02,AMZN,258.90509033203125
2023-02-03,AMZN,252.7895965576172
2023-02-06,AMZN,251.24359130859375
2023-02-07,AMZN,261.8014221191406
2023-02-08,AMZN,260.9892272949219
2023-02-09,AMZN,257.9461364746094
2023-02-10,AMZN,257.4373474121094
2023-02-13,AMZN,265.48046875
2023-02-14,AMZN,266.3121643066406
2023-02-15,AMZN,264.18353271484375
2023-02-16,AMZN,257.1502990722656
2023-02-17,AMZN,253.13827514648438
2023-02-21,AMZN,247.85108947753906
2023-02-22,AMZN,246.71322631835938
2023-02-23,AMZN,249.91107177734375
2023-02-24,AMZN,244.46688842773438
2023-02-27,AMZN,245.3889617919922
2023-02-28,AMZN,244.66307067871094
2023-03-01,AMZN,241.57313537597656
2023-03-02,AMZN,246.3208465576172
2023-03-03,AMZN,250.42111206054688
2023-03-06,AMZN,251.97097778320312
2023-03-07,AMZN,249.3028564453125
2023-03-08,AMZN,248.86143493652344
2023-03-09,AMZN,247.5077667236328
2023-03-10,AMZN,243.84889221191406
2023-03-13,AMZN,249.0772705078125
2023-03-14,AMZN,255.81622314453125
2023-03-15,AMZN,260.37750244140625
2023-03-16,AMZN,270.93231201171875
2023-03-17,AMZN,274.1007385253906
2023-03-20,AMZN,267.0380554199219
2023-03-21,AMZN,268.5585021972656
2023-03-22,AMZN,267.096923828125
2023-03-23,AMZN,272.3644714355469
2023-03-24,AMZN,275.2190246582031
2023-03-27,AMZN,271.10888671875
2023-03-28,AMZN,269.9808654785156
2023-03-29,AMZN,275.16015625
2023-03-30,AMZN,278.6325988769531
2023-03-31,AMZN,282.8015441894531
2023-04-03,AMZN,281.7519836425781
2023-04-04,AMZN,281.7029113769531
2023-04-05,AMZN,278.91705322265625
2023-04-06,AMZN,286.0386047363281
2023-04-10,AMZN,283.87078857421875
2023-04-11,AMZN,277.43585205078125
2023-04-12,AMZN,278.083251953125
2023-04-13,AMZN,284.3121643066406
2023-04-14,AMZN,280.6827697753906
2023-04-17,AMZN,283.2919616699219
2023-04-18,AMZN,282.87017822265625
2023-04-19,AMZN,282.94866943359375
2023-04-20,AMZN,280.6533203125
2023-04-21,AMZN,280.30999755859375
2023-04-24,AMZN,276.3961181640625
2023-04-25,AMZN,270.1672668457031
2023-04-26,AMZN,289.73675537109375
2023-04-27,AMZN,299.01629638671875
2023-04-28,AMZN,301.39996337890625
2023-05-01,AMZN,299.7323913574219
2023-05-02,AMZN,299.5852355957031
2023-05-03,AMZN,298.5944519042969
2023-05-04,AMZN,299.5852355957031
2023-05-05,AMZN,304.7252197265625
2023-05-08,AMZN,302.76348876953125
2023-05-09,AMZN,301.1448974609375
2023-05-10,AMZN,306.35357666015625
2023-05-11,AMZN,304.1956481933594
2023-05-12,AMZN,303.0773010253906
2023-05-15,AMZN,303.5579833984375
2023-05-16,AMZN,305.79449462890625
2023-05-17,AMZN,308.6847229003906
2023-05-18,AMZN,313.1282043457031
2023-05-19,AMZN,312.9512634277344
2023-05-22,AMZN,315.7431640625
2023-05-23,AMZN,309.92340087890625
2023-05-24,AMZN,308.53729248046875
2023-05-25,AMZN,320.4029846191406
2023-05-26,AMZN,327.2550048828125
2023-05-30,AMZN,325.6033935546875
2023-05-31,AMZN,322.8311462402344
2023-06-01,AMZN,326.9502258300781
2023-06-02,AMZN,329.7224426269531
2023-06-05,AMZN,330.25335693359375
2023-06-06,AMZN,328.0316467285156
2023-06-07,AMZN,317.9059753417969
2023-06-08,AMZN,319.7541198730469
2023-06-09,AMZN,321.2582702636719
2023-06-12,AMZN,326.2325744628906
2023-06-13,AMZN,328.6313171386719
2023-06-14,AMZN,331.6297302246094
2023-06-15,AMZN,342.20751953125
2023-06-16,AMZN,336.5351257324219
2023-06-20,AMZN,332.32757568359375
2023-06-21,AMZN,327.9136657714844
2023-06-22,AMZN,333.9595031738281
2023-06-23,AMZN,329.348876953125
2023-06-26,AMZN,323.03765869140625
2023-06-27,AMZN,328.9065246582031
2023-06-28,AMZN,330.1648864746094
2023-06-29,AMZN,329.3783874511719
2023-06-30,AMZN,334.7754821777344
2023-07-03,AMZN,332.2686462402344
2023-07-05,AMZN,332.4259338378906
2023-07-06,AMZN,335.49310302734375
2023-07-07,AMZN,331.51165771484375
2023-07-10,AMZN,326.21295166015625
2023-07-11,AMZN,326.8420715332031
2023-07-12,AMZN,331.4920349121094
2023-07-13,AMZN,336.8595886230469
2023-07-14,AMZN,339.3958435058594
2023-07-17,AMZN,339.8776550292969
2023-07-18,AMZN,353.4046630859375
2023-07-19,AMZN,349.0693664550781
2023-07-20,AMZN,340.9983825683594
2023-07-21,AMZN,337.9507751464844
2023-07-24,AMZN,339.26812744140625
2023-07-25,AMZN,345.03875732421875
2023-07-26,AMZN,332.0523376464844
2023-07-27,AMZN,325.1217041015625
2023-07-28,AMZN,332.6421813964844
2023-07-31,AMZN,330.23370361328125
2023-08-01,AMZN,330.64654541015625
2023-08-02,AMZN,321.95623779296875
2023-08-03,AMZN,321.1304016113281
2023-08-04,AMZN,322.2314758300781
2023-08-07,AMZN,324.52203369140625
2023-08-08,AMZN,320.53076171875
2023-08-09,AMZN,316.7754211425781
2023-08-10,AMZN,317.4635314941406
2023-08-11,AMZN,315.5760498046875
2023-08-14,AMZN,318.5548095703125
2023-08-15,AMZN,316.4116516113281
2023-08-16,AMZN,315.6432800292969
2023-08-17,AMZN,312.1755065917969
2023-08-18,AMZN,311.781494140625
2023-08-21,AMZN,317.101318359375
2023-08-22,AMZN,317.6727294921875
2023-08-23,AMZN,322.1452941894531
2023-08-24,AMZN,315.2196350097656
2023-08-25,AMZN,318.18499755859375
2023-08-28,AMZN,318.894287109375
2023-08-29,AMZN,323.5343933105469
2023-08-30,AMZN,323.90875244140625
2023-08-31,AMZN,322.8940124511719
2023-09-01,AMZN,323.7806701660156
2023-09-05,AMZN,328.5980224609375
2023-09-06,AMZN,327.9380187988281
2023-09-07,AMZN,325.0120849609375
2023-09-08,AMZN,329.3073425292969
2023-09-11,AMZN,332.9228820800781
2023-09-12,AMZN,326.8444519042969
2023-09-13,AMZN,331.07080078125
2023-09-14,AMZN,333.6716003417969
2023-09-15,AMZN,325.3174743652344
2023-09-18,AMZN,324.17474365234375
2023-09-19,AMZN,323.7707824707031
2023-09-20,AMZN,316.00775146484375
2023-09-21,AMZN,314.78619384765625
2023-09-22,AMZN,312.3036193847656
2023-09-25,AMZN,312.82574462890625
2023-09-26,AMZN,307.5059509277344
2023-09-27,AMZN,308.14630126953125
2023-09-28,AMZN,308.983642578125
2023-09-29,AMZN,311.06231689453125
2023-10-02,AMZN,317.0224609375
2023-10-03,AMZN,308.7373962402344
2023-10-04,AMZN,314.2245788574219
2023-10-05,AMZN,314.6186828613281
2023-10-06,AMZN,322.4014587402344
2023-10-09,AMZN,324.92340087890625
2023-10-10,AMZN,323.5146484375
2023-10-11,AMZN,327.4848327636719
2023-10-12,AMZN,326.2435607910156
2023-10-13,AMZN,322.86444091796875
2023-10-16,AMZN,327.70159912109375
2023-10-17,AMZN,327.130126953125
2023-10-18,AMZN,325.2091064453125
2023-10-19,AMZN,326.4011535644531
2023-10-20,AMZN,321.8201599121094
2023-10-23,AMZN,324.4308776855469
2023-10-24,AMZN,325.62286376953125
2023-10-25,AMZN,335.6123352050781
2023-10-26,AMZN,323.0220947265625
2023-10-27,AMZN,324.9136047363281
2023-10-30,AMZN,332.30224609375
2023-10-31,AMZN,333.09033203125
2023-11-01,AMZN,340.93218994140625
2023-11-02,AMZN,343.14874267578125
2023-11-03,AMZN,347.56219482421875
2023-11-06,AMZN,351.23681640625
2023-11-07,AMZN,355.177490234375
2023-11-08,AMZN,357.807861328125
2023-11-09,AMZN,355.3351135253906
2023-11-10,AMZN,364.1817932128906
2023-11-13,AMZN,361.2361755371094
2023-11-14,AMZN,364.7728271484375
2023-11-15,AMZN,364.9209289550781
2023-11-16,AMZN,371.3374328613281
2023-11-17,AMZN,365.09869384765625
2023-11-20,AMZN,372.5911560058594
2023-11-21,AMZN,368.2773132324219
2023-11-22,AMZN,372.9958801269531
2023-11-24,AMZN,372.5812683105469
2023-11-27,AMZN,373.7461242675781
2023-11-28,AMZN,377.7835998535156
2023-11-29,AMZN,373.9830322265625
2023-11-30,AMZN,374.04229736328125
2023-12-01,AMZN,369.69879150390625
2023-12-04,AMZN,364.3977966308594
2023-12-05,AMZN,367.7343444824219
2023-12-06,AMZN,364.0621337890625
2023-12-07,AMZN,366.1845703125
2023-12-08,AMZN,369.4223937988281
2023-12-11,AMZN,366.530029296875
2023-12-12,AMZN,369.5704650878906
2023-12-13,AMZN,369.5605773925781
2023-12-14,AMZN,361.2289733886719
2023-12-15,AMZN,365.9673767089844
2023-12-18,AMZN,367.8627014160156
2023-12-19,AMZN,368.46484375
2023-12-20,AMZN,365.8587341308594
2023-12-21,AMZN,368.7412414550781
2023-12-22,AMZN,369.7678527832031
2023-12-26,AMZN,369.84686279296875
2023-12-27,AMZN,369.26446533203125
2023-12-28,AMZN,370.4588928222656
2023-12-29,AMZN,371.20916748046875
2024-01-02,AMZN,366.1054992675781
2024-01-03,AMZN,365.83905029296875
2024-01-04,AMZN,363.2131652832031
2024-01-05,AMZN,363.0256042480469
2024-01-08,AMZN,369.8764953613281
2024-01-09,AMZN,370.96234130859375
2024-01-10,AMZN,377.8526916503906
2024-01-11,AMZN,379.6888122558594
2024-01-12,AMZN,383.4794616699219
2024-01-16,AMZN,385.2563171386719
2024-01-17,AMZN,384.46661376953125
2024-01-18,AMZN,388.81005859375
2024-01-19,AMZN,393.5484313964844
2024-01-22,AMZN,391.4161682128906
2024-01-23,AMZN,393.77545166015625
2024-01-24,AMZN,397.388427734375
2024-01-25,AMZN,399.66876220703125
2024-01-26,AMZN,398.7408142089844
2024-01-29,AMZN,404.4564208984375
2024-01-30,AMZN,403.3409423828125
2024-01-31,AMZN,392.472412109375
2024-02-01,AMZN,398.5927429199219
2024-02-02,AMZN,405.9372253417969
2024-02-05,AMZN,400.4387512207031
2024-02-06,AMZN,400.2807922363281
2024-02-07,AMZN,408.7308349609375
2024-02-08,AMZN,408.7900085449219
2024-02-09,AMZN,415.1473083496094
2024-02-12,AMZN,409.9252624511719
2024-02-13,AMZN,401.1001281738281
2024-02-14,AMZN,404.9768981933594
2024-02-15,AMZN,402.0792236328125
2024-02-16,AMZN,399.6067810058594
2024-02-20,AMZN,398.35076904296875
2024-02-21,AMZN,397.74749755859375
2024-02-22,AMZN,407.11309814453125
2024-02-23,AMZN,405.81756591796875
2024-02-26,AMZN,403.0484313964844
2024-02-27,AMZN,402.9891357421875
2024-02-28,AMZN,403.2264709472656
2024-02-29,AMZN,409.0812072753906
2024-03-01,AMZN,410.92071533203125
2024-03-04,AMZN,410.3470764160156
2024-03-05,AMZN,398.2123107910156
2024-03-06,AMZN,397.65850830078125
2024-03-07,AMZN,404.6307678222656
2024-03-08,AMZN,401.74298095703125
2024-03-11,AMZN,400.06170654296875
2024-03-12,AMZN,410.703125
2024-03-13,AMZN,410.525146484375
2024-03-14,AMZN,420.5335998535156
2024-03-15,AMZN,411.8305969238281
2024-03-18,AMZN,412.72064208984375
2024-03-19,AMZN,416.76556396484375
2024-03-20,AMZN,420.54345703125
2024-03-21,AMZN,424.6378173828125
2024-03-22,AMZN,424.0148010253906
2024-03-25,AMZN,418.1996154785156
2024-03-26,AMZN,417.0028991699219
2024-03-27,AMZN,416.78533935546875
2024-03-28,AMZN,416.08319091796875
2024-04-01,AMZN,419.8907470703125
2024-04-02,AMZN,416.7952575683594
2024-04-03,AMZN,415.8161315917969
2024-04-04,AMZN,413.27447509765625
2024-04-05,AMZN,420.8302307128906
2024-04-08,AMZN,419.9105529785156
2024-04-09,AMZN,421.5819091796875
2024-04-10,AMZN,418.5951843261719
2024-04-11,AMZN,423.2136535644531
2024-04-12,AMZN,417.2501220703125
2024-04-15,AMZN,409.0812072753906
2024-04-16,AMZN,410.0108337402344
2024-04-17,AMZN,407.3009948730469
2024-04-18,AMZN,399.814453125
2024-04-19,AMZN,394.7212219238281
2024-04-22,AMZN,396.54095458984375
2024-04-23,AMZN,403.078125
2024-04-24,AMZN,404.5516662597656
2024-04-25,AMZN,394.6421203613281
2024-04-26,AMZN,401.8418884277344
2024-04-29,AMZN,397.81671142578125
2024-04-30,AMZN,385.0390930175781
2024-05-01,AMZN,390.5872802734375
2024-05-02,AMZN,393.455322265625
2024-05-03,AMZN,402.1781311035156
2024-05-06,AMZN,408.9822998046875
2024-05-07,AMZN,404.82855224609375
2024-05-08,AMZN,406.0153503417969
2024-05-09,AMZN,407.7757263183594
2024-05-10,AMZN,410.1690368652344
2024-05-13,AMZN,409.1603088378906
2024-05-14,AMZN,411.968994140625
2024-05-15,AMZN,419.17181396484375
2024-05-16,AMZN,417.10113525390625
2024-05-17,AMZN,416.328369140625
2024-05-20,AMZN,421.4110107421875
2024-05-21,AMZN,425.0768127441406
2024-05-22,AMZN,426.54315185546875
2024-05-23,AMZN,423.0556640625
2024-05-24,AMZN,426.18646240234375
2024-05-28,AMZN,426.344970703125
2024-05-29,AMZN,425.20562744140625
2024-05-30,AMZN,410.8395690917969
2024-05-31,AMZN,411.2953186035156
2024-06-03,AMZN,409.7001647949219
2024-06-04,AMZN,412.2265930175781
2024-06-05,AMZN,420.09332275390625
2024-06-06,AMZN,420.5985412597656
2024-06-07,AMZN,419.93475341796875
2024-06-10,AMZN,423.9176330566406
2024-06-11,AMZN,428.68316650390625
2024-06-12,AMZN,436.9858093261719
2024-06-13,AMZN,437.5010070800781
2024-06-14,AMZN,438.4818420410156
2024-06-17,AMZN,444.2282409667969
2024-06-18,AMZN,442.2170104980469
2024-06-20,AMZN,441.5829162597656
2024-06-21,AMZN,445.625244140625
2024-06-24,AMZN,443.5347595214844
2024-06-25,AMZN,446.784423828125
2024-06-26,AMZN,447.9832458496094
2024-06-27,AMZN,448.6668701171875
2024-06-28,AMZN,442.8213806152344
2024-07-01,AMZN,452.51104736328125
2024-07-02,AMZN,455.0374755859375
2024-07-03,AMZN,456.5137023925781
2024-07-05,AMZN,463.2409362792969
2024-07-08,AMZN,461.9331970214844
2024-07-09,AMZN,455.2950744628906
2024-07-10,AMZN,461.9430847167969
2024-07-11,AMZN,450.4997863769531
2024-07-12,AMZN,449.3603820800781
2024-07-15,AMZN,449.7666015625
2024-07-16,AMZN,445.3676452636719
2024-07-17,AMZN,439.42303466796875
2024-07-18,AMZN,436.3021545410156
2024-07-19,AMZN,433.0722351074219
2024-07-22,AMZN,438.8484191894531
2024-07-23,AMZN,440.7407531738281
2024-07-24,AMZN,424.9381103515625
2024-07-25,AMZN,414.5350646972656
2024-07-26,AMZN,421.34161376953125
2024-07-29,AMZN,422.7881774902344
2024-07-30,AMZN,419.0133972167969
2024-07-31,AMZN,414.4855651855469
2024-08-01,AMZN,413.2569885253906
2024-08-02,AMZN,404.7166442871094
2024-08-05,AMZN,391.49981689453125
2024-08-06,AMZN,395.9186706542969
2024-08-07,AMZN,394.7496032714844
2024-08-08,AMZN,398.97021484375
2024-08-09,AMZN,402.2694396972656
2024-08-12,AMZN,403.0521240234375
2024-08-13,AMZN,410.1856689453125
2024-08-14,AMZN,413.0093078613281
2024-08-15,AMZN,417.89263916015625
2024-08-16,AMZN,415.35174560546875
2024-08-19,AMZN,418.388916015625
2024-08-20,AMZN,421.6345520019531
2024-08-21,AMZN,420.9794921875
2024-08-22,AMZN,412.4534912109375
2024-08-23,AMZN,413.6842346191406
2024-08-26,AMZN,410.4088439941406
2024-08-27,AMZN,410.7562255859375
2024-08-28,AMZN,407.5404052734375
2024-08-29,AMZN,410.0415954589844
2024-08-30,AMZN,414.0316467285156
2024-09-03,AMZN,406.3890380859375
2024-09-04,AMZN,405.8530578613281
2024-09-05,AMZN,405.3468322753906
2024-09-06,AMZN,398.7066955566406
2024-09-09,AMZN,402.6967468261719
2024-09-10,AMZN,411.11358642578125
2024-09-11,AMZN,419.8876953125
2024-09-12,AMZN,423.81817626953125
2024-09-13,AMZN,427.38140869140625
2024-09-16,AMZN,428.1258544921875
2024-09-17,AMZN,431.9074401855469
2024-09-18,AMZN,427.5997619628906
2024-09-19,AMZN,435.4210510253906
2024-09-20,AMZN,432.0265197753906
2024-09-23,AMZN,430.2796630859375
2024-09-24,AMZN,425.9720153808594
2024-09-25,AMZN,428.8900451660156
2024-09-26,AMZN,428.0960388183594
2024-09-27,AMZN,424.83056640625
2024-09-30,AMZN,427.09356689453125
2024-10-01,AMZN,417.5552062988281
2024-10-02,AMZN,414.021728515625
2024-10-03,AMZN,413.4361267089844
2024-10-04,AMZN,412.9596862792969
2024-10-07,AMZN,406.48828125
2024-10-08,AMZN,411.6197509765625
2024-10-09,AMZN,414.3492736816406
2024-10-10,AMZN,412.7413024902344
2024-10-11,AMZN,413.2177429199219
2024-10-14,AMZN,416.0167541503906
2024-10-15,AMZN,415.6197204589844
2024-10-16,AMZN,413.01922607421875
2024-10-17,AMZN,413.6147766113281
2024-10-18,AMZN,415.0440673828125
2024-10-21,AMZN,415.659423828125
2024-10-22,AMZN,424.3243713378906
2024-10-23,AMZN,421.4360656738281
2024-10-24,AMZN,421.56512451171875
2024-10-25,AMZN,424.9596252441406
2024-10-28,AMZN,423.4112243652344
2024-10-29,AMZN,428.7313232421875
2024-10-30,AMZN,429.3069763183594
2024-10-31,AMZN,403.322021484375
2024-11-01,AMZN,407.3121032714844
2024-11-04,AMZN,405.41632080078125
2024-11-05,AMZN,408.39398193359375
2024-11-06,AMZN,417.0489807128906
2024-11-07,AMZN,422.2598571777344
2024-11-08,AMZN,419.39141845703125
2024-11-11,AMZN,414.89520263671875
2024-11-12,AMZN,419.87774658203125
2024-11-13,AMZN,422.0316162109375
2024-11-14,AMZN,423.7090148925781
2024-11-15,AMZN,411.9075927734375
2024-11-18,AMZN,412.6619567871094
2024-11-19,AMZN,414.67681884765625
2024-11-20,AMZN,412.3939208984375
2024-11-21,AMZN,410.61370849609375
2024-11-22,AMZN,414.72113037109375
2024-11-25,AMZN,416.5013732910156
2024-11-26,AMZN,425.6510925292969
2024-11-27,AMZN,420.6784362792969
2024-11-29,AMZN,421.1458435058594
2024-12-02,AMZN,428.6247863769531
2024-12-03,AMZN,428.84356689453125
2024-12-04,AMZN,435.0295715332031
2024-12-05,AMZN,440.2011413574219
2024-12-06,AMZN,441.1459655761719
2024-12-09,AMZN,443.5825500488281
2024-12-10,AMZN,440.9072570800781
2024-12-11,AMZN,446.5363464355469
2024-12-12,AMZN,447.10321044921875
2024-12-13,AMZN,444.8257141113281
2024-12-16,AMZN,449.1221008300781
2024-12-17,AMZN,451.9764099121094
2024-12-18,AMZN,434.999755859375
2024-12-19,AMZN,434.6416931152344
2024-12-20,AMZN,434.2140808105469
2024-12-23,AMZN,432.8714294433594
2024-12-24,AMZN,436.9291076660156
2024-12-26,AMZN,435.7157897949219
2024-12-27,AMZN,428.1772155761719
2024-12-30,AMZN,422.50836181640625
2024-12-31,AMZN,419.1965637207031
2025-01-02,AMZN,416.2925109863281
2025-01-03,AMZN,421.03643798828125
2025-01-06,AMZN,425.5118713378906
2025-01-07,AMZN,420.0617980957031
2025-01-08,AMZN,422.23980712890625
2025-01-10,AMZN,416.6604919433594
2025-01-13,AMZN,414.9101257324219
2025-01-14,AMZN,413.3984375
2025-01-15,AMZN,423.9802551269531
2025-01-16,AMZN,422.25970458984375
2025-01-17,AMZN,426.6853942871094
2025-01-21,AMZN,426.1583251953125
2025-01-22,AMZN,443.7615966796875
2025-01-23,AMZN,444.2687683105469
2025-01-24,AMZN,441.63330078125
2025-01-27,AMZN,432.1851806640625
2025-01-28,AMZN,444.7561340332031
2025-01-29,AMZN,439.9126892089844
2025-01-30,AMZN,412.7221374511719
2025-01-31,AMZN,412.791748046875
2025-02-03,AMZN,408.6744384765625
2025-02-04,AMZN,410.116455078125
2025-02-05,AMZN,411.03143310546875
2025-02-06,AMZN,413.5475769042969
2025-02-07,AMZN,407.5107727050781
2025-02-10,AMZN,409.96728515625
2025-02-11,AMZN,409.1915588378906
2025-02-12,AMZN,406.80462646484375
2025-02-13,AMZN,408.29644775390625
2025-02-14,AMZN,406.1979675292969
2025-02-18,AMZN,407.4013671875
2025-02-19,AMZN,412.5033264160156
2025-02-20,AMZN,414.6857604980469
2025-02-21,AMZN,406.793212890625
2025-02-24,AMZN,402.59783935546875
2025-02-25,AMZN,396.51898193359375
2025-02-26,AMZN,398.3426513671875
2025-02-27,AMZN,391.16766357421875
2025-02-28,AMZN,395.6121520996094
2025-03-03,AMZN,387.14166259765625
2025-03-04,AMZN,387.26123046875
2025-03-05,AMZN,399.628173828125
2025-03-06,AMZN,395.5125427246094
2025-03-07,AMZN,391.9449462890625
2025-03-10,AMZN,378.8406066894531
2025-03-11,AMZN,379.12957763671875
2025-03-12,AMZN,381.9397888183594
2025-03-13,AMZN,377.45538330078125
2025-03-14,AMZN,387.21142578125
2025-03-17,AMZN,387.3509521484375
2025-03-18,AMZN,382.18890380859375
2025-03-19,AMZN,386.4740295410156
2025-03-20,AMZN,385.49737548828125
2025-03-21,AMZN,389.9020690917969
2025-03-24,AMZN,391.7157287597656
2025-03-25,AMZN,393.7885437011719
2025-03-26,AMZN,388.6165466308594
2025-03-27,AMZN,389.2243957519531
2025-03-28,AMZN,377.48529052734375
2025-03-31,AMZN,374.087158203125
2025-04-01,AMZN,380.8635559082031
2025-04-02,AMZN,380.813720703125
2025-04-03,AMZN,371.8150329589844
2025-04-04,AMZN,358.59112548828125
2025-04-07,AMZN,356.61798095703125
2025-04-08,AMZN,353.3294372558594
2025-04-09,AMZN,389.13470458984375
2025-04-10,AMZN,380.0264587402344
2025-04-11,AMZN,387.1018371582031
2025-04-14,AMZN,386.4640197753906
2025-04-15,AMZN,384.3912658691406
2025-04-16,AMZN,370.32025146484375
2025-04-17,AMZN,366.5035400390625
2025-04-21,AMZN,357.87359619140625
2025-04-22,AMZN,365.5469055175781
2025-04-23,AMZN,373.0906066894531
2025-04-24,AMZN,385.9557800292969
2025-04-25,AMZN,390.4900207519531
2025-04-28,AMZN,389.8023986816406
2025-04-29,AMZN,392.67242431640625
2025-04-30,AMZN,393.88818359375
2025-05-01,AMZN,423.9235534667969
2025-05-02,AMZN,433.769287109375
2025-05-05,AMZN,434.65618896484375
2025-05-06,AMZN,431.8061218261719
2025-05-07,AMZN,431.8459777832031
2025-05-08,AMZN,436.6492614746094
2025-05-09,AMZN,437.20733642578125
2025-05-12,AMZN,447.70074462890625
2025-05-13,AMZN,447.5812072753906
2025-05-14,AMZN,451.36798095703125
2025-05-15,AMZN,452.3863220214844
2025-05-16,AMZN,453.5244445800781
2025-05-19,AMZN,458.11688232421875
2025-05-20,AMZN,457.4180603027344
2025-05-21,AMZN,451.8272399902344
2025-05-22,AMZN,454.11346435546875
2025-05-23,AMZN,449.441162109375
2025-05-27,AMZN,459.93389892578125
2025-05-28,AMZN,456.609375
2025-05-29,AMZN,457.9272155761719
2025-05-30,AMZN,459.60443115234375
2025-06-02,AMZN,461.2118225097656
2025-06-03,AMZN,462.2101745605469
2025-06-04,AMZN,463.1086730957031
2025-06-05,AMZN,466.91241455078125
2025-06-06,AMZN,469.6080017089844
2025-06-09,AMZN,471.97412109375
2025-06-10,AMZN,470.1471252441406
2025-06-11,AMZN,471.8443298339844
2025-06-12,AMZN,478.0840759277344
2025-06-13,AMZN,474.18048095703125
2025-06-16,AMZN,478.3536376953125
2025-06-17,AMZN,477.25543212890625
2025-06-18,AMZN,479.4518127441406
2025-06-20,AMZN,476.6164855957031
2025-06-23,AMZN,485.2023620605469
2025-06-24,AMZN,489.30560302734375
2025-06-25,AMZN,491.4620666503906
2025-06-26,AMZN,496.6335754394531
2025-06-27,AMZN,495.1260681152344
2025-06-30,AMZN,496.5936584472656
2025-07-01,AMZN,491.242431640625
2025-07-02,AMZN,490.2840270996094
2025-07-03,AMZN,498.02130126953125
2025-07-07,AMZN,496.90313720703125
2025-07-08,AMZN,495.804931640625
2025-07-09,AMZN,502.68365478515625
2025-07-10,AMZN,500.656982421875
2025-07-11,AMZN,502.49395751953125
2025-07-14,AMZN,502.1944274902344
2025-07-15,AMZN,504.9898376464844
2025-07-16,AMZN,504.7901611328125
2025-07-17,AMZN,510.8601989746094
2025-07-18,AMZN,509.212890625
2025-07-21,AMZN,509.2228698730469
2025-07-22,AMZN,504.44073486328125
2025-07-23,AMZN,505.0397644042969
2025-07-24,AMZN,510.0415344238281
2025-07-25,AMZN,512.866943359375
2025-07-28,AMZN,511.65887451171875
2025-07-29,AMZN,511.728759765625
2025-07-30,AMZN,512.3976440429688
2025-07-31,AMZN,532.6243896484375
2025-08-01,AMZN,523.2498168945312
2025-08-04,AMZN,534.7609252929688
2025-08-05,AMZN,526.8838500976562
2025-08-06,AMZN,524.0784912109375
2025-08-07,AMZN,519.9852294921875
2025-08-08,AMZN,521.1832275390625
2025-08-11,AMZN,520.9136962890625
2025-08-12,AMZN,528.3713989257812
2025-08-13,AMZN,519.7256469726562
2025-08-14,AMZN,521.6224975585938
2025-08-15,AMZN,519.3162841796875
2025-08-18,AMZN,516.2512817382812
2025-08-19,AMZN,508.933349609375
2025-08-20,AMZN,504.8900146484375
2025-08-21,AMZN,504.239990234375
2025-08-22,AMZN,507.2300109863281
2025-08-25,AMZN,504.260009765625
2025-08-26,AMZN,502.0400085449219
2025-08-27,AMZN,506.739990234375
2025-08-28,AMZN,509.6400146484375
2025-08-29,AMZN,506.69000244140625
2025-09-02,AMZN,505.1199951171875
2025-09-03,AMZN,505.3500061035156
2025-09-04,AMZN,507.9700012207031
2025-09-05,AMZN,495.0
2025-09-08,AMZN,498.20001220703125
2025-09-09,AMZN,498.4100036621094
2025-09-10,AMZN,500.3699951171875
2025-09-11,AMZN,501.010009765625
2025-09-12,AMZN,509.8999938964844
2020-01-02,TSLA,28.68400001525879
2020-01-03,TSLA,29.534000396728516
2020-01-06,TSLA,30.1026668548584
2020-01-07,TSLA,31.270666122436523
2020-01-08,TSLA,32.80933380126953
2020-01-09,TSLA,32.089332580566406
2020-01-10,TSLA,31.876667022705078
2020-01-13,TSLA,34.990665435791016
2020-01-14,TSLA,35.861331939697266
2020-01-15,TSLA,34.56666564941406
2020-01-16,TSLA,34.232666015625
2020-01-17,TSLA,34.03333282470703
2020-01-21,TSLA,36.47999954223633
2020-01-22,TSLA,37.97066879272461
2020-01-23,TSLA,38.14666748046875
2020-01-24,TSLA,37.654666900634766
2020-01-27,TSLA,37.201332092285156
2020-01-28,TSLA,37.793331146240234
2020-01-29,TSLA,38.732666015625
2020-01-30,TSLA,42.72066879272461
2020-01-31,TSLA,43.371334075927734
2020-02-03,TSLA,52.0
2020-02-04,TSLA,59.137332916259766
2020-02-05,TSLA,48.97999954223633
2020-02-06,TSLA,49.930667877197266
2020-02-07,TSLA,49.871334075927734
2020-02-10,TSLA,51.41866683959961
2020-02-11,TSLA,51.62533187866211
2020-02-12,TSLA,51.15266799926758
2020-02-13,TSLA,53.599998474121094
2020-02-14,TSLA,53.33533477783203
2020-02-18,TSLA,57.22666549682617
2020-02-19,TSLA,61.16133117675781
2020-02-20,TSLA,59.96066665649414
2020-02-21,TSLA,60.06666564941406
2020-02-24,TSLA,55.58599853515625
2020-02-25,TSLA,53.32733154296875
2020-02-26,TSLA,51.91999816894531
2020-02-27,TSLA,45.266666412353516
2020-02-28,TSLA,44.53266525268555
2020-03-02,TSLA,49.574668884277344
2020-03-03,TSLA,49.70066833496094
2020-03-04,TSLA,49.96666717529297
2020-03-05,TSLA,48.30266571044922
2020-03-06,TSLA,46.89866638183594
2020-03-09,TSLA,40.53333282470703
2020-03-10,TSLA,43.02199935913086
2020-03-11,TSLA,42.28200149536133
2020-03-12,TSLA,37.369998931884766
2020-03-13,TSLA,36.44133377075195
2020-03-16,TSLA,29.67133331298828
2020-03-17,TSLA,28.68000030517578
2020-03-18,TSLA,24.08133316040039
2020-03-19,TSLA,28.50933265686035
2020-03-20,TSLA,28.50200080871582
2020-03-23,TSLA,28.952667236328125
2020-03-24,TSLA,33.66666793823242
2020-03-25,TSLA,35.95000076293945
2020-03-26,TSLA,35.21066665649414
2020-03-27,TSLA,34.29066848754883
2020-03-30,TSLA,33.47533416748047
2020-03-31,TSLA,34.93333435058594
2020-04-01,TSLA,32.104000091552734
2020-04-02,TSLA,30.29800033569336
2020-04-03,TSLA,32.000667572021484
2020-04-06,TSLA,34.41600036621094
2020-04-07,TSLA,36.36333465576172
2020-04-08,TSLA,36.589332580566406
2020-04-09,TSLA,38.20000076293945
2020-04-13,TSLA,43.39666748046875
2020-04-14,TSLA,47.32600021362305
2020-04-15,TSLA,48.65533447265625
2020-04-16,TSLA,49.680667877197266
2020-04-17,TSLA,50.259334564208984
2020-04-20,TSLA,49.75733184814453
2020-04-21,TSLA,45.781333923339844
2020-04-22,TSLA,48.807334899902344
2020-04-23,TSLA,47.04199981689453
2020-04-24,TSLA,48.34333419799805
2020-04-27,TSLA,53.25
2020-04-28,TSLA,51.27466583251953
2020-04-29,TSLA,53.367332458496094
2020-04-30,TSLA,52.12533187866211
2020-05-01,TSLA,46.75466537475586
2020-05-04,TSLA,50.74599838256836
2020-05-05,TSLA,51.2140007019043
2020-05-06,TSLA,52.172000885009766
2020-05-07,TSLA,52.00266647338867
2020-05-08,TSLA,54.62799835205078
2020-05-11,TSLA,54.08599853515625
2020-05-12,TSLA,53.96066665649414
2020-05-13,TSLA,52.73066711425781
2020-05-14,TSLA,53.55533218383789
2020-05-15,TSLA,53.27799987792969
2020-05-18,TSLA,54.242000579833984
2020-05-19,TSLA,53.867332458496094
2020-05-20,TSLA,54.37066650390625
2020-05-21,TSLA,55.17333221435547
2020-05-22,TSLA,54.45866775512695
2020-05-26,TSLA,54.591331481933594
2020-05-27,TSLA,54.68199920654297
2020-05-28,TSLA,53.72066879272461
2020-05-29,TSLA,55.66666793823242
2020-06-01,TSLA,59.87333297729492
2020-06-02,TSLA,58.770668029785156
2020-06-03,TSLA,58.86399841308594
2020-06-04,TSLA,57.62533187866211
2020-06-05,TSLA,59.04399871826172
2020-06-08,TSLA,63.327999114990234
2020-06-09,TSLA,62.711334228515625
2020-06-10,TSLA,68.336669921875
2020-06-11,TSLA,64.85600280761719
2020-06-12,TSLA,62.35200119018555
2020-06-15,TSLA,66.05999755859375
2020-06-16,TSLA,65.47533416748047
2020-06-17,TSLA,66.11933135986328
2020-06-18,TSLA,66.9306640625
2020-06-19,TSLA,66.72666931152344
2020-06-22,TSLA,66.28800201416016
2020-06-23,TSLA,66.78533172607422
2020-06-24,TSLA,64.0566635131836
2020-06-25,TSLA,65.73200225830078
2020-06-26,TSLA,63.982666015625
2020-06-29,TSLA,67.29000091552734
2020-06-30,TSLA,71.98733520507812
2020-07-01,TSLA,74.64199829101562
2020-07-02,TSLA,80.57733154296875
2020-07-06,TSLA,91.43866729736328
2020-07-07,TSLA,92.65733337402344
2020-07-08,TSLA,91.05867004394531
2020-07-09,TSLA,92.9520034790039
2020-07-10,TSLA,102.97666931152344
2020-07-13,TSLA,99.80400085449219
2020-07-14,TSLA,101.12000274658203
2020-07-15,TSLA,103.06732940673828
2020-07-16,TSLA,100.04266357421875
2020-07-17,TSLA,100.05599975585938
2020-07-20,TSLA,109.53333282470703
2020-07-21,TSLA,104.55733489990234
2020-07-22,TSLA,106.15533447265625
2020-07-23,TSLA,100.87133026123047
2020-07-24,TSLA,94.46666717529297
2020-07-27,TSLA,102.63999938964844
2020-07-28,TSLA,98.43267059326172
2020-07-29,TSLA,99.94066619873047
2020-07-30,TSLA,99.16600036621094
2020-07-31,TSLA,95.38400268554688
2020-08-03,TSLA,99.0
2020-08-04,TSLA,99.13333129882812
2020-08-05,TSLA,99.00133514404297
2020-08-06,TSLA,99.30533599853516
2020-08-07,TSLA,96.84733581542969
2020-08-10,TSLA,94.57133483886719
2020-08-11,TSLA,91.6259994506836
2020-08-12,TSLA,103.65066528320312
2020-08-13,TSLA,108.06666564941406
2020-08-14,TSLA,110.04733276367188
2020-08-17,TSLA,122.3759994506836
2020-08-18,TSLA,125.80599975585938
2020-08-19,TSLA,125.23533630371094
2020-08-20,TSLA,133.45533752441406
2020-08-21,TSLA,136.6653289794922
2020-08-24,TSLA,134.27999877929688
2020-08-25,TSLA,134.8893280029297
2020-08-26,TSLA,143.54466247558594
2020-08-27,TSLA,149.25
2020-08-28,TSLA,147.55999755859375
2020-08-31,TSLA,166.10667419433594
2020-09-01,TSLA,158.35000610351562
2020-09-02,TSLA,149.1233367919922
2020-09-03,TSLA,135.6666717529297
2020-09-04,TSLA,139.44000244140625
2020-09-08,TSLA,110.06999969482422
2020-09-09,TSLA,122.09333038330078
2020-09-10,TSLA,123.77999877929688
2020-09-11,TSLA,124.23999786376953
2020-09-14,TSLA,139.8733367919922
2020-09-15,TSLA,149.9199981689453
2020-09-16,TSLA,147.25332641601562
2020-09-17,TSLA,141.14332580566406
2020-09-18,TSLA,147.38333129882812
2020-09-21,TSLA,149.79666137695312
2020-09-22,TSLA,141.41000366210938
2020-09-23,TSLA,126.78666687011719
2020-09-24,TSLA,129.26333618164062
2020-09-25,TSLA,135.77999877929688
2020-09-28,TSLA,140.39999389648438
2020-09-29,TSLA,139.69000244140625
2020-09-30,TSLA,143.00332641601562
2020-10-01,TSLA,149.3866729736328
2020-10-02,TSLA,138.3633270263672
2020-10-05,TSLA,141.89332580566406
2020-10-06,TSLA,137.9933319091797
2020-10-07,TSLA,141.76666259765625
2020-10-08,TSLA,141.97332763671875
2020-10-09,TSLA,144.6666717529297
2020-10-12,TSLA,147.43333435058594
2020-10-13,TSLA,148.88333129882812
2020-10-14,TSLA,153.76666259765625
2020-10-15,TSLA,149.6266632080078
2020-10-16,TSLA,146.55667114257812
2020-10-19,TSLA,143.61000061035156
2020-10-20,TSLA,140.64666748046875
2020-10-21,TSLA,140.8800048828125
2020-10-22,TSLA,141.92999267578125
2020-10-23,TSLA,140.2100067138672
2020-10-26,TSLA,140.0933380126953
2020-10-27,TSLA,141.55999755859375
2020-10-28,TSLA,135.33999633789062
2020-10-29,TSLA,136.94332885742188
2020-10-30,TSLA,129.34666442871094
2020-11-02,TSLA,133.50332641601562
2020-11-03,TSLA,141.3000030517578
2020-11-04,TSLA,140.32666015625
2020-11-05,TSLA,146.02999877929688
2020-11-06,TSLA,143.31666564941406
2020-11-09,TSLA,140.4199981689453
2020-11-10,TSLA,136.7866668701172
2020-11-11,TSLA,139.0433349609375
2020-11-12,TSLA,137.25332641601562
2020-11-13,TSLA,136.1666717529297
2020-11-16,TSLA,136.02999877929688
2020-11-17,TSLA,147.20333862304688
2020-11-18,TSLA,162.2133331298828
2020-11-19,TSLA,166.42333984375
2020-11-20,TSLA,163.20333862304688
2020-11-23,TSLA,173.9499969482422
2020-11-24,TSLA,185.1266632080078
2020-11-25,TSLA,191.3333282470703
2020-11-27,TSLA,195.25332641601562
2020-11-30,TSLA,189.1999969482422
2020-12-01,TSLA,194.9199981689453
2020-12-02,TSLA,189.60667419433594
2020-12-03,TSLA,197.7933349609375
2020-12-04,TSLA,199.67999267578125
2020-12-07,TSLA,213.9199981689453
2020-12-08,TSLA,216.6266632080078
2020-12-09,TSLA,201.4933319091797
2020-12-10,TSLA,209.02333068847656
2020-12-11,TSLA,203.3300018310547
2020-12-14,TSLA,213.27667236328125
2020-12-15,TSLA,211.0833282470703
2020-12-16,TSLA,207.58999633789062
2020-12-17,TSLA,218.63333129882812
2020-12-18,TSLA,231.6666717529297
2020-12-21,TSLA,216.6199951171875
2020-12-22,TSLA,213.44667053222656
2020-12-23,TSLA,215.32666015625
2020-12-24,TSLA,220.58999633789062
2020-12-28,TSLA,221.22999572753906
2020-12-29,TSLA,221.99667358398438
2020-12-30,TSLA,231.5933380126953
2020-12-31,TSLA,235.22332763671875
2021-01-04,TSLA,243.2566680908203
2021-01-05,TSLA,245.0366668701172
2021-01-06,TSLA,251.9933319091797
2021-01-07,TSLA,272.0133361816406
2021-01-08,TSLA,293.3399963378906
2021-01-11,TSLA,270.39666748046875
2021-01-12,TSLA,283.14666748046875
2021-01-13,TSLA,284.8033447265625
2021-01-14,TSLA,281.6666564941406
2021-01-15,TSLA,275.38665771484375
2021-01-19,TSLA,281.51666259765625
2021-01-20,TSLA,283.48333740234375
2021-01-21,TSLA,281.663330078125
2021-01-22,TSLA,282.21331787109375
2021-01-25,TSLA,293.6000061035156
2021-01-26,TSLA,294.36334228515625
2021-01-27,TSLA,288.0533447265625
2021-01-28,TSLA,278.4766540527344
2021-01-29,TSLA,264.510009765625
2021-02-01,TSLA,279.9366760253906
2021-02-02,TSLA,290.92999267578125
2021-02-03,TSLA,284.89666748046875
2021-02-04,TSLA,283.3299865722656
2021-02-05,TSLA,284.07666015625
2021-02-08,TSLA,287.8066711425781
2021-02-09,TSLA,283.1533203125
2021-02-10,TSLA,268.2733459472656
2021-02-11,TSLA,270.5533447265625
2021-02-12,TSLA,272.0400085449219
2021-02-16,TSLA,265.40667724609375
2021-02-17,TSLA,266.04998779296875
2021-02-18,TSLA,262.4599914550781
2021-02-19,TSLA,260.4333190917969
2021-02-22,TSLA,238.1666717529297
2021-02-23,TSLA,232.94667053222656
2021-02-24,TSLA,247.33999633789062
2021-02-25,TSLA,227.4066619873047
2021-02-26,TSLA,225.1666717529297
2021-03-01,TSLA,239.47666931152344
2021-03-02,TSLA,228.81333923339844
2021-03-03,TSLA,217.73333740234375
2021-03-04,TSLA,207.14666748046875
2021-03-05,TSLA,199.31666564941406
2021-03-08,TSLA,187.6666717529297
2021-03-09,TSLA,224.52667236328125
2021-03-10,TSLA,222.68666076660156
2021-03-11,TSLA,233.1999969482422
2021-03-12,TSLA,231.2433319091797
2021-03-15,TSLA,235.97999572753906
2021-03-16,TSLA,225.6266632080078
2021-03-17,TSLA,233.93666076660156
2021-03-18,TSLA,217.72000122070312
2021-03-19,TSLA,218.2899932861328
2021-03-22,TSLA,223.3333282470703
2021-03-23,TSLA,220.72000122070312
2021-03-24,TSLA,210.08999633789062
2021-03-25,TSLA,213.4633331298828
2021-03-26,TSLA,206.23666381835938
2021-03-29,TSLA,203.76333618164062
2021-03-30,TSLA,211.8733367919922
2021-03-31,TSLA,222.64332580566406
2021-04-01,TSLA,220.5833282470703
2021-04-05,TSLA,230.35000610351562
2021-04-06,TSLA,230.5399932861328
2021-04-07,TSLA,223.6566619873047
2021-04-08,TSLA,227.93333435058594
2021-04-09,TSLA,225.67333984375
2021-04-12,TSLA,233.9933319091797
2021-04-13,TSLA,254.10667419433594
2021-04-14,TSLA,244.07666015625
2021-04-15,TSLA,246.28334045410156
2021-04-16,TSLA,246.5933380126953
2021-04-19,TSLA,238.2100067138672
2021-04-20,TSLA,239.663330078125
2021-04-21,TSLA,248.0399932861328
2021-04-22,TSLA,239.89666748046875
2021-04-23,TSLA,243.13333129882812
2021-04-26,TSLA,246.06666564941406
2021-04-27,TSLA,234.913330078125
2021-04-28,TSLA,231.46665954589844
2021-04-29,TSLA,225.6666717529297
2021-04-30,TSLA,236.47999572753906
2021-05-03,TSLA,228.3000030517578
2021-05-04,TSLA,224.53334045410156
2021-05-05,TSLA,223.64666748046875
2021-05-06,TSLA,221.17999267578125
2021-05-07,TSLA,224.1233367919922
2021-05-10,TSLA,209.67999267578125
2021-05-11,TSLA,205.73333740234375
2021-05-12,TSLA,196.6300048828125
2021-05-13,TSLA,190.56333923339844
2021-05-14,TSLA,196.5800018310547
2021-05-17,TSLA,192.27667236328125
2021-05-18,TSLA,192.6233367919922
2021-05-19,TSLA,187.82000732421875
2021-05-20,TSLA,195.5933380126953
2021-05-21,TSLA,193.6266632080078
2021-05-24,TSLA,202.14666748046875
2021-05-25,TSLA,201.56333923339844
2021-05-26,TSLA,206.3766632080078
2021-05-27,TSLA,210.28334045410156
2021-05-28,TSLA,208.4066619873047
2021-06-01,TSLA,207.96665954589844
2021-06-02,TSLA,201.7066650390625
2021-06-03,TSLA,190.94667053222656
2021-06-04,TSLA,199.68333435058594
2021-06-07,TSLA,201.7100067138672
2021-06-08,TSLA,201.19667053222656
2021-06-09,TSLA,199.5933380126953
2021-06-10,TSLA,203.3733367919922
2021-06-11,TSLA,203.29666137695312
2021-06-14,TSLA,205.89666748046875
2021-06-15,TSLA,199.7866668701172
2021-06-16,TSLA,201.6233367919922
2021-06-17,TSLA,205.53334045410156
2021-06-18,TSLA,207.77000427246094
2021-06-21,TSLA,206.94332885742188
2021-06-22,TSLA,207.90333557128906
2021-06-23,TSLA,218.85667419433594
2021-06-24,TSLA,226.60667419433594
2021-06-25,TSLA,223.9566650390625
2021-06-28,TSLA,229.57333374023438
2021-06-29,TSLA,226.9199981689453
2021-06-30,TSLA,226.56666564941406
2021-07-01,TSLA,225.97332763671875
2021-07-02,TSLA,226.3000030517578
2021-07-06,TSLA,219.86000061035156
2021-07-07,TSLA,214.88333129882812
2021-07-08,TSLA,217.60333251953125
2021-07-09,TSLA,218.98333740234375
2021-07-12,TSLA,228.56666564941406
2021-07-13,TSLA,222.84666442871094
2021-07-14,TSLA,217.7933349609375
2021-07-15,TSLA,216.86666870117188
2021-07-16,TSLA,214.74000549316406
2021-07-19,TSLA,215.4066619873047
2021-07-20,TSLA,220.1666717529297
2021-07-21,TSLA,218.42999267578125
2021-07-22,TSLA,216.4199981689453
2021-07-23,TSLA,214.4600067138672
2021-07-26,TSLA,219.2066650390625
2021-07-27,TSLA,214.92666625976562
2021-07-28,TSLA,215.66000366210938
2021-07-29,TSLA,225.78334045410156
2021-07-30,TSLA,229.06666564941406
2021-08-02,TSLA,236.55667114257812
2021-08-03,TSLA,236.5800018310547
2021-08-04,TSLA,236.97332763671875
2021-08-05,TSLA,238.2100067138672
2021-08-06,TSLA,233.03334045410156
2021-08-09,TSLA,237.9199981689453
2021-08-10,TSLA,236.663330078125
2021-08-11,TSLA,235.94000244140625
2021-08-12,TSLA,240.75
2021-08-13,TSLA,239.05667114257812
2021-08-16,TSLA,228.72332763671875
2021-08-17,TSLA,221.90333557128906
2021-08-18,TSLA,229.663330078125
2021-08-19,TSLA,224.49000549316406
2021-08-20,TSLA,226.75332641601562
2021-08-23,TSLA,235.43333435058594
2021-08-24,TSLA,236.163330078125
2021-08-25,TSLA,237.06666564941406
2021-08-26,TSLA,233.72000122070312
2021-08-27,TSLA,237.30667114257812
2021-08-30,TSLA,243.6366729736328
2021-08-31,TSLA,245.24000549316406
2021-09-01,TSLA,244.69667053222656
2021-09-02,TSLA,244.1300048828125
2021-09-03,TSLA,244.52333068847656
2021-09-07,TSLA,250.97332763671875
2021-09-08,TSLA,251.2899932861328
2021-09-09,TSLA,251.6199951171875
2021-09-10,TSLA,245.42333984375
2021-09-13,TSLA,247.6666717529297
2021-09-14,TSLA,248.163330078125
2021-09-15,TSLA,251.94332885742188
2021-09-16,TSLA,252.3300018310547
2021-09-17,TSLA,253.163330078125
2021-09-20,TSLA,243.38999938964844
2021-09-21,TSLA,246.4600067138672
2021-09-22,TSLA,250.64666748046875
2021-09-23,TSLA,251.2133331298828
2021-09-24,TSLA,258.1300048828125
2021-09-27,TSLA,263.78668212890625
2021-09-28,TSLA,259.1866760253906
2021-09-29,TSLA,260.4366760253906
2021-09-30,TSLA,258.49334716796875
2021-10-01,TSLA,258.40667724609375
2021-10-04,TSLA,260.510009765625
2021-10-05,TSLA,260.1966552734375
2021-10-06,TSLA,260.9166564941406
2021-10-07,TSLA,264.53668212890625
2021-10-08,TSLA,261.8299865722656
2021-10-11,TSLA,263.9800109863281
2021-10-12,TSLA,268.5733337402344
2021-10-13,TSLA,270.3599853515625
2021-10-14,TSLA,272.7733459472656
2021-10-15,TSLA,281.010009765625
2021-10-18,TSLA,290.03668212890625
2021-10-19,TSLA,288.0899963378906
2021-10-20,TSLA,288.6000061035156
2021-10-21,TSLA,298.0
2021-10-22,TSLA,303.2266540527344
2021-10-25,TSLA,341.6199951171875
2021-10-26,TSLA,339.4766540527344
2021-10-27,TSLA,345.9533386230469
2021-10-28,TSLA,359.0133361816406
2021-10-29,TSLA,371.3333435058594
2021-11-01,TSLA,402.86334228515625
2021-11-02,TSLA,390.6666564941406
2021-11-03,TSLA,404.6199951171875
2021-11-04,TSLA,409.9700012207031
2021-11-05,TSLA,407.36334228515625
2021-11-08,TSLA,387.64666748046875
2021-11-09,TSLA,341.1666564941406
2021-11-10,TSLA,355.98333740234375
2021-11-11,TSLA,354.5033264160156
2021-11-12,TSLA,344.47332763671875
2021-11-15,TSLA,337.7966613769531
2021-11-16,TSLA,351.57666015625
2021-11-17,TSLA,363.0033264160156
2021-11-18,TSLA,365.4599914550781
2021-11-19,TSLA,379.0199890136719
2021-11-22,TSLA,385.6233215332031
2021-11-23,TSLA,369.6766662597656
2021-11-24,TSLA,372.0
2021-11-26,TSLA,360.6400146484375
2021-11-29,TSLA,378.9966735839844
2021-11-30,TSLA,381.586669921875
2021-12-01,TSLA,365.0
2021-12-02,TSLA,361.5333251953125
2021-12-03,TSLA,338.3233337402344
2021-12-06,TSLA,336.336669921875
2021-12-07,TSLA,350.5833435058594
2021-12-08,TSLA,356.32000732421875
2021-12-09,TSLA,334.6000061035156
2021-12-10,TSLA,339.010009765625
2021-12-13,TSLA,322.13665771484375
2021-12-14,TSLA,319.5033264160156
2021-12-15,TSLA,325.3299865722656
2021-12-16,TSLA,308.97332763671875
2021-12-17,TSLA,310.8566589355469
2021-12-20,TSLA,299.9800109863281
2021-12-21,TSLA,312.84332275390625
2021-12-22,TSLA,336.2900085449219
2021-12-23,TSLA,355.6666564941406
2021-12-27,TSLA,364.64666748046875
2021-12-28,TSLA,362.8233337402344
2021-12-29,TSLA,362.0633239746094
2021-12-30,TSLA,356.7799987792969
2021-12-31,TSLA,352.260009765625
2022-01-03,TSLA,399.9266662597656
2022-01-04,TSLA,383.1966552734375
2022-01-05,TSLA,362.7066650390625
2022-01-06,TSLA,354.8999938964844
2022-01-07,TSLA,342.32000732421875
2022-01-10,TSLA,352.7066650390625
2022-01-11,TSLA,354.79998779296875
2022-01-12,TSLA,368.739990234375
2022-01-13,TSLA,343.85333251953125
2022-01-14,TSLA,349.8699951171875
2022-01-18,TSLA,343.5033264160156
2022-01-19,TSLA,331.8833312988281
2022-01-20,TSLA,332.0899963378906
2022-01-21,TSLA,314.6333312988281
2022-01-24,TSLA,310.0
2022-01-25,TSLA,306.1333312988281
2022-01-26,TSLA,312.4700012207031
2022-01-27,TSLA,276.3666687011719
2022-01-28,TSLA,282.1166687011719
2022-01-31,TSLA,312.239990234375
2022-02-01,TSLA,310.4166564941406
2022-02-02,TSLA,301.88665771484375
2022-02-03,TSLA,297.0466613769531
2022-02-04,TSLA,307.7733459472656
2022-02-07,TSLA,302.4466552734375
2022-02-08,TSLA,307.3333435058594
2022-02-09,TSLA,310.6666564941406
2022-02-10,TSLA,301.51666259765625
2022-02-11,TSLA,286.6666564941406
2022-02-14,TSLA,291.9200134277344
2022-02-15,TSLA,307.4766540527344
2022-02-16,TSLA,307.7966613769531
2022-02-17,TSLA,292.1166687011719
2022-02-18,TSLA,285.6600036621094
2022-02-22,TSLA,273.84332275390625
2022-02-23,TSLA,254.67999267578125
2022-02-24,TSLA,266.92333984375
2022-02-25,TSLA,269.9566650390625
2022-02-28,TSLA,290.1433410644531
2022-03-01,TSLA,288.1233215332031
2022-03-02,TSLA,293.2966613769531
2022-03-03,TSLA,279.7633361816406
2022-03-04,TSLA,279.42999267578125
2022-03-07,TSLA,268.1933288574219
2022-03-08,TSLA,274.79998779296875
2022-03-09,TSLA,286.3233337402344
2022-03-10,TSLA,279.4333190917969
2022-03-11,TSLA,265.1166687011719
2022-03-14,TSLA,255.4566650390625
2022-03-15,TSLA,267.2966613769531
2022-03-16,TSLA,280.07666015625
2022-03-17,TSLA,290.5333251953125
2022-03-18,TSLA,301.7966613769531
2022-03-21,TSLA,307.0533447265625
2022-03-22,TSLA,331.32666015625
2022-03-23,TSLA,333.03668212890625
2022-03-24,TSLA,337.97332763671875
2022-03-25,TSLA,336.8800048828125
2022-03-28,TSLA,363.9466552734375
2022-03-29,TSLA,366.5233459472656
2022-03-30,TSLA,364.663330078125
2022-03-31,TSLA,359.20001220703125
2022-04-01,TSLA,361.5299987792969
2022-04-04,TSLA,381.8166809082031
2022-04-05,TSLA,363.7533264160156
2022-04-06,TSLA,348.586669921875
2022-04-07,TSLA,352.4200134277344
2022-04-08,TSLA,341.8299865722656
2022-04-11,TSLA,325.30999755859375
2022-04-12,TSLA,328.98333740234375
2022-04-13,TSLA,340.7900085449219
2022-04-14,TSLA,328.3333435058594
2022-04-18,TSLA,334.7633361816406
2022-04-19,TSLA,342.7166748046875
2022-04-20,TSLA,325.73333740234375
2022-04-21,TSLA,336.260009765625
2022-04-22,TSLA,335.01666259765625
2022-04-25,TSLA,332.67333984375
2022-04-26,TSLA,292.1400146484375
2022-04-27,TSLA,293.836669921875
2022-04-28,TSLA,292.5033264160156
2022-04-29,TSLA,290.2533264160156
2022-05-02,TSLA,300.9800109863281
2022-05-03,TSLA,303.0833435058594
2022-05-04,TSLA,317.5400085449219
2022-05-05,TSLA,291.09332275390625
2022-05-06,TSLA,288.54998779296875
2022-05-09,TSLA,262.3699951171875
2022-05-10,TSLA,266.67999267578125
2022-05-11,TSLA,244.6666717529297
2022-05-12,TSLA,242.6666717529297
2022-05-13,TSLA,256.5299987792969
2022-05-16,TSLA,241.4566650390625
2022-05-17,TSLA,253.8699951171875
2022-05-18,TSLA,236.60333251953125
2022-05-19,TSLA,236.47332763671875
2022-05-20,TSLA,221.3000030517578
2022-05-23,TSLA,224.96665954589844
2022-05-24,TSLA,209.3866729736328
2022-05-25,TSLA,219.60000610351562
2022-05-26,TSLA,235.91000366210938
2022-05-27,TSLA,253.2100067138672
2022-05-31,TSLA,252.75332641601562
2022-06-01,TSLA,246.7899932861328
2022-06-02,TSLA,258.3333435058594
2022-06-03,TSLA,234.51666259765625
2022-06-06,TSLA,238.27999877929688
2022-06-07,TSLA,238.8866729736328
2022-06-08,TSLA,241.86666870117188
2022-06-09,TSLA,239.7066650390625
2022-06-10,TSLA,232.22999572753906
2022-06-13,TSLA,215.73666381835938
2022-06-14,TSLA,220.88999938964844
2022-06-15,TSLA,233.0
2022-06-16,TSLA,213.10000610351562
2022-06-17,TSLA,216.75999450683594
2022-06-21,TSLA,237.0366668701172
2022-06-22,TSLA,236.086669921875
2022-06-23,TSLA,235.07000732421875
2022-06-24,TSLA,245.7066650390625
2022-06-27,TSLA,244.9199981689453
2022-06-28,TSLA,232.663330078125
2022-06-29,TSLA,228.49000549316406
2022-06-30,TSLA,224.47332763671875
2022-07-01,TSLA,227.26333618164062
2022-07-05,TSLA,233.06666564941406
2022-07-06,TSLA,231.73333740234375
2022-07-07,TSLA,244.5433349609375
2022-07-08,TSLA,250.76333618164062
2022-07-11,TSLA,234.3433380126953
2022-07-12,TSLA,233.07000732421875
2022-07-13,TSLA,237.0399932861328
2022-07-14,TSLA,238.31333923339844
2022-07-15,TSLA,240.06666564941406
2022-07-18,TSLA,240.54666137695312
2022-07-19,TSLA,245.52999877929688
2022-07-20,TSLA,247.5
2022-07-21,TSLA,271.7066650390625
2022-07-22,TSLA,272.24334716796875
2022-07-25,TSLA,268.4333190917969
2022-07-26,TSLA,258.8599853515625
2022-07-27,TSLA,274.82000732421875
2022-07-28,TSLA,280.8999938964844
2022-07-29,TSLA,297.1499938964844
2022-08-01,TSLA,297.27667236328125
2022-08-02,TSLA,300.586669921875
2022-08-03,TSLA,307.39666748046875
2022-08-04,TSLA,308.6333312988281
2022-08-05,TSLA,288.1700134277344
2022-08-08,TSLA,290.42333984375
2022-08-09,TSLA,283.3333435058594
2022-08-10,TSLA,294.3566589355469
2022-08-11,TSLA,286.6300048828125
2022-08-12,TSLA,300.0299987792969
2022-08-15,TSLA,309.32000732421875
2022-08-16,TSLA,306.5633239746094
2022-08-17,TSLA,303.9966735839844
2022-08-18,TSLA,302.8699951171875
2022-08-19,TSLA,296.6666564941406
2022-08-22,TSLA,289.913330078125
2022-08-23,TSLA,296.4533386230469
2022-08-24,TSLA,297.0966796875
2022-08-25,TSLA,296.07000732421875
2022-08-26,TSLA,288.0899963378906
2022-08-29,TSLA,284.82000732421875
2022-08-30,TSLA,277.70001220703125
2022-08-31,TSLA,275.6099853515625
2022-09-01,TSLA,277.1600036621094
2022-09-02,TSLA,270.2099914550781
2022-09-06,TSLA,274.4200134277344
2022-09-07,TSLA,283.70001220703125
2022-09-08,TSLA,289.260009765625
2022-09-09,TSLA,299.67999267578125
2022-09-12,TSLA,304.4200134277344
2022-09-13,TSLA,292.1300048828125
2022-09-14,TSLA,302.6099853515625
2022-09-15,TSLA,303.75
2022-09-16,TSLA,303.3500061035156
2022-09-19,TSLA,309.07000732421875
2022-09-20,TSLA,308.7300109863281
2022-09-21,TSLA,300.79998779296875
2022-09-22,TSLA,288.5899963378906
2022-09-23,TSLA,275.3299865722656
2022-09-26,TSLA,276.010009765625
2022-09-27,TSLA,282.94000244140625
2022-09-28,TSLA,287.80999755859375
2022-09-29,TSLA,268.2099914550781
2022-09-30,TSLA,265.25
2022-10-03,TSLA,242.39999389648438
2022-10-04,TSLA,249.44000244140625
2022-10-05,TSLA,240.80999755859375
2022-10-06,TSLA,238.1300048828125
2022-10-07,TSLA,223.07000732421875
2022-10-10,TSLA,222.9600067138672
2022-10-11,TSLA,216.5
2022-10-12,TSLA,217.24000549316406
2022-10-13,TSLA,221.72000122070312
2022-10-14,TSLA,204.99000549316406
2022-10-17,TSLA,219.35000610351562
2022-10-18,TSLA,220.19000244140625
2022-10-19,TSLA,222.0399932861328
2022-10-20,TSLA,207.27999877929688
2022-10-21,TSLA,214.44000244140625
2022-10-24,TSLA,211.25
2022-10-25,TSLA,222.4199981689453
2022-10-26,TSLA,224.63999938964844
2022-10-27,TSLA,225.08999633789062
2022-10-28,TSLA,228.52000427246094
2022-10-31,TSLA,227.5399932861328
2022-11-01,TSLA,227.82000732421875
2022-11-02,TSLA,214.97999572753906
2022-11-03,TSLA,215.30999755859375
2022-11-04,TSLA,207.47000122070312
2022-11-07,TSLA,197.0800018310547
2022-11-08,TSLA,191.3000030517578
2022-11-09,TSLA,177.58999633789062
2022-11-10,TSLA,190.72000122070312
2022-11-11,TSLA,195.97000122070312
2022-11-14,TSLA,190.9499969482422
2022-11-15,TSLA,194.4199981689453
2022-11-16,TSLA,186.9199981689453
2022-11-17,TSLA,183.1699981689453
2022-11-18,TSLA,180.19000244140625
2022-11-21,TSLA,167.8699951171875
2022-11-22,TSLA,169.91000366210938
2022-11-23,TSLA,183.1999969482422
2022-11-25,TSLA,182.86000061035156
2022-11-28,TSLA,182.9199981689453
2022-11-29,TSLA,180.8300018310547
2022-11-30,TSLA,194.6999969482422
2022-12-01,TSLA,194.6999969482422
2022-12-02,TSLA,194.86000061035156
2022-12-05,TSLA,182.4499969482422
2022-12-06,TSLA,179.82000732421875
2022-12-07,TSLA,174.0399932861328
2022-12-08,TSLA,173.44000244140625
2022-12-09,TSLA,179.0500030517578
2022-12-12,TSLA,167.82000732421875
2022-12-13,TSLA,160.9499969482422
2022-12-14,TSLA,156.8000030517578
2022-12-15,TSLA,157.6699981689453
2022-12-16,TSLA,150.22999572753906
2022-12-19,TSLA,149.8699951171875
2022-12-20,TSLA,137.8000030517578
2022-12-21,TSLA,137.57000732421875
2022-12-22,TSLA,125.3499984741211
2022-12-23,TSLA,123.1500015258789
2022-12-27,TSLA,109.0999984741211
2022-12-28,TSLA,112.70999908447266
2022-12-29,TSLA,121.81999969482422
2022-12-30,TSLA,123.18000030517578
2023-01-03,TSLA,108.0999984741211
2023-01-04,TSLA,113.63999938964844
2023-01-05,TSLA,110.33999633789062
2023-01-06,TSLA,113.05999755859375
2023-01-09,TSLA,119.7699966430664
2023-01-10,TSLA,118.8499984741211
2023-01-11,TSLA,123.22000122070312
2023-01-12,TSLA,123.55999755859375
2023-01-13,TSLA,122.4000015258789
2023-01-17,TSLA,131.49000549316406
2023-01-18,TSLA,128.77999877929688
2023-01-19,TSLA,127.16999816894531
2023-01-20,TSLA,133.4199981689453
2023-01-23,TSLA,143.75
2023-01-24,TSLA,143.88999938964844
2023-01-25,TSLA,144.42999267578125
2023-01-26,TSLA,160.27000427246094
2023-01-27,TSLA,177.89999389648438
2023-01-30,TSLA,166.66000366210938
2023-01-31,TSLA,173.22000122070312
2023-02-01,TSLA,181.41000366210938
2023-02-02,TSLA,188.27000427246094
2023-02-03,TSLA,189.97999572753906
2023-02-06,TSLA,194.75999450683594
2023-02-07,TSLA,196.80999755859375
2023-02-08,TSLA,201.2899932861328
2023-02-09,TSLA,207.32000732421875
2023-02-10,TSLA,196.88999938964844
2023-02-13,TSLA,194.63999938964844
2023-02-14,TSLA,209.25
2023-02-15,TSLA,214.24000549316406
2023-02-16,TSLA,202.0399932861328
2023-02-17,TSLA,208.30999755859375
2023-02-21,TSLA,197.3699951171875
2023-02-22,TSLA,200.86000061035156
2023-02-23,TSLA,202.07000732421875
2023-02-24,TSLA,196.8800048828125
2023-02-27,TSLA,207.6300048828125
2023-02-28,TSLA,205.7100067138672
2023-03-01,TSLA,202.77000427246094
2023-03-02,TSLA,190.89999389648438
2023-03-03,TSLA,197.7899932861328
2023-03-06,TSLA,193.80999755859375
2023-03-07,TSLA,187.7100067138672
2023-03-08,TSLA,182.0
2023-03-09,TSLA,172.9199981689453
2023-03-10,TSLA,173.44000244140625
2023-03-13,TSLA,174.47999572753906
2023-03-14,TSLA,183.25999450683594
2023-03-15,TSLA,180.4499969482422
2023-03-16,TSLA,184.1300048828125
2023-03-17,TSLA,180.1300048828125
2023-03-20,TSLA,183.25
2023-03-21,TSLA,197.5800018310547
2023-03-22,TSLA,191.14999389648438
2023-03-23,TSLA,192.22000122070312
2023-03-24,TSLA,190.41000366210938
2023-03-27,TSLA,191.80999755859375
2023-03-28,TSLA,189.19000244140625
2023-03-29,TSLA,193.8800048828125
2023-03-30,TSLA,195.27999877929688
2023-03-31,TSLA,207.4600067138672
2023-04-03,TSLA,194.77000427246094
2023-04-04,TSLA,192.5800018310547
2023-04-05,TSLA,185.52000427246094
2023-04-06,TSLA,185.05999755859375
2023-04-10,TSLA,184.50999450683594
2023-04-11,TSLA,186.7899932861328
2023-04-12,TSLA,180.5399932861328
2023-04-13,TSLA,185.89999389648438
2023-04-14,TSLA,185.0
2023-04-17,TSLA,187.0399932861328
2023-04-18,TSLA,184.30999755859375
2023-04-19,TSLA,180.58999633789062
2023-04-20,TSLA,162.99000549316406
2023-04-21,TSLA,165.0800018310547
2023-04-24,TSLA,162.5500030517578
2023-04-25,TSLA,160.6699981689453
2023-04-26,TSLA,153.75
2023-04-27,TSLA,160.19000244140625
2023-04-28,TSLA,164.30999755859375
2023-05-01,TSLA,161.8300018310547
2023-05-02,TSLA,160.30999755859375
2023-05-03,TSLA,160.61000061035156
2023-05-04,TSLA,161.1999969482422
2023-05-05,TSLA,170.05999755859375
2023-05-08,TSLA,171.7899932861328
2023-05-09,TSLA,169.14999389648438
2023-05-10,TSLA,168.5399932861328
2023-05-11,TSLA,172.0800018310547
2023-05-12,TSLA,167.97999572753906
2023-05-15,TSLA,166.35000610351562
2023-05-16,TSLA,166.52000427246094
2023-05-17,TSLA,173.86000061035156
2023-05-18,TSLA,176.88999938964844
2023-05-19,TSLA,180.13999938964844
2023-05-22,TSLA,188.8699951171875
2023-05-23,TSLA,185.77000427246094
2023-05-24,TSLA,182.89999389648438
2023-05-25,TSLA,184.47000122070312
2023-05-26,TSLA,193.1699981689453
2023-05-30,TSLA,201.16000366210938
2023-05-31,TSLA,203.92999267578125
2023-06-01,TSLA,207.52000427246094
2023-06-02,TSLA,213.97000122070312
2023-06-05,TSLA,217.61000061035156
2023-06-06,TSLA,221.30999755859375
2023-06-07,TSLA,224.57000732421875
2023-06-08,TSLA,234.86000061035156
2023-06-09,TSLA,244.39999389648438
2023-06-12,TSLA,249.8300018310547
2023-06-13,TSLA,258.7099914550781
2023-06-14,TSLA,256.7900085449219
2023-06-15,TSLA,255.89999389648438
2023-06-16,TSLA,260.5400085449219
2023-06-20,TSLA,274.45001220703125
2023-06-21,TSLA,259.4599914550781
2023-06-22,TSLA,264.6099853515625
2023-06-23,TSLA,256.6000061035156
2023-06-26,TSLA,241.0500030517578
2023-06-27,TSLA,250.2100067138672
2023-06-28,TSLA,256.239990234375
2023-06-29,TSLA,257.5
2023-06-30,TSLA,261.7699890136719
2023-07-03,TSLA,279.82000732421875
2023-07-05,TSLA,282.4800109863281
2023-07-06,TSLA,276.5400085449219
2023-07-07,TSLA,274.42999267578125
2023-07-10,TSLA,269.6099853515625
2023-07-11,TSLA,269.7900085449219
2023-07-12,TSLA,271.989990234375
2023-07-13,TSLA,277.8999938964844
2023-07-14,TSLA,281.3800048828125
2023-07-17,TSLA,290.3800048828125
2023-07-18,TSLA,293.3399963378906
2023-07-19,TSLA,291.260009765625
2023-07-20,TSLA,262.8999938964844
2023-07-21,TSLA,260.0199890136719
2023-07-24,TSLA,269.05999755859375
2023-07-25,TSLA,265.2799987792969
2023-07-26,TSLA,264.3500061035156
2023-07-27,TSLA,255.7100067138672
2023-07-28,TSLA,266.44000244140625
2023-07-31,TSLA,267.42999267578125
2023-08-01,TSLA,261.07000732421875
2023-08-02,TSLA,254.11000061035156
2023-08-03,TSLA,259.32000732421875
2023-08-04,TSLA,253.86000061035156
2023-08-07,TSLA,251.4499969482422
2023-08-08,TSLA,249.6999969482422
2023-08-09,TSLA,242.19000244140625
2023-08-10,TSLA,245.33999633789062
2023-08-11,TSLA,242.64999389648438
2023-08-14,TSLA,239.75999450683594
2023-08-15,TSLA,232.9600067138672
2023-08-16,TSLA,225.60000610351562
2023-08-17,TSLA,219.22000122070312
2023-08-18,TSLA,215.49000549316406
2023-08-21,TSLA,231.27999877929688
2023-08-22,TSLA,233.19000244140625
2023-08-23,TSLA,236.86000061035156
2023-08-24,TSLA,230.0399932861328
2023-08-25,TSLA,238.58999633789062
2023-08-28,TSLA,238.82000732421875
2023-08-29,TSLA,257.17999267578125
2023-08-30,TSLA,256.8999938964844
2023-08-31,TSLA,258.0799865722656
2023-09-01,TSLA,245.00999450683594
2023-09-05,TSLA,256.489990234375
2023-09-06,TSLA,251.9199981689453
2023-09-07,TSLA,251.49000549316406
2023-09-08,TSLA,248.5
2023-09-11,TSLA,273.5799865722656
2023-09-12,TSLA,267.4800109863281
2023-09-13,TSLA,271.29998779296875
2023-09-14,TSLA,276.0400085449219
2023-09-15,TSLA,274.3900146484375
2023-09-18,TSLA,265.2799987792969
2023-09-19,TSLA,266.5
2023-09-20,TSLA,262.5899963378906
2023-09-21,TSLA,255.6999969482422
2023-09-22,TSLA,244.8800048828125
2023-09-25,TSLA,246.99000549316406
2023-09-26,TSLA,244.1199951171875
2023-09-27,TSLA,240.5
2023-09-28,TSLA,246.3800048828125
2023-09-29,TSLA,250.22000122070312
2023-10-02,TSLA,251.60000610351562
2023-10-03,TSLA,246.52999877929688
2023-10-04,TSLA,261.1600036621094
2023-10-05,TSLA,260.04998779296875
2023-10-06,TSLA,260.5299987792969
2023-10-09,TSLA,259.6700134277344
2023-10-10,TSLA,263.6199951171875
2023-10-11,TSLA,262.989990234375
2023-10-12,TSLA,258.8699951171875
2023-10-13,TSLA,251.1199951171875
2023-10-16,TSLA,253.9199981689453
2023-10-17,TSLA,254.85000610351562
2023-10-18,TSLA,242.67999267578125
2023-10-19,TSLA,220.11000061035156
2023-10-20,TSLA,211.99000549316406
2023-10-23,TSLA,212.0800018310547
2023-10-24,TSLA,216.52000427246094
2023-10-25,TSLA,212.4199981689453
2023-10-26,TSLA,205.75999450683594
2023-10-27,TSLA,207.3000030517578
2023-10-30,TSLA,197.36000061035156
2023-10-31,TSLA,200.83999633789062
2023-11-01,TSLA,205.66000366210938
2023-11-02,TSLA,218.50999450683594
2023-11-03,TSLA,219.9600067138672
2023-11-06,TSLA,219.27000427246094
2023-11-07,TSLA,222.17999267578125
2023-11-08,TSLA,222.11000061035156
2023-11-09,TSLA,209.97999572753906
2023-11-10,TSLA,214.64999389648438
2023-11-13,TSLA,223.7100067138672
2023-11-14,TSLA,237.41000366210938
2023-11-15,TSLA,242.83999633789062
2023-11-16,TSLA,233.58999633789062
2023-11-17,TSLA,234.3000030517578
2023-11-20,TSLA,235.60000610351562
2023-11-21,TSLA,241.1999969482422
2023-11-22,TSLA,234.2100067138672
2023-11-24,TSLA,235.4499969482422
2023-11-27,TSLA,236.0800018310547
2023-11-28,TSLA,246.72000122070312
2023-11-29,TSLA,244.13999938964844
2023-11-30,TSLA,240.0800018310547
2023-12-01,TSLA,238.8300018310547
2023-12-04,TSLA,235.5800018310547
2023-12-05,TSLA,238.72000122070312
2023-12-06,TSLA,239.3699951171875
2023-12-07,TSLA,242.63999938964844
2023-12-08,TSLA,243.83999633789062
2023-12-11,TSLA,239.74000549316406
2023-12-12,TSLA,237.00999450683594
2023-12-13,TSLA,239.2899932861328
2023-12-14,TSLA,251.0500030517578
2023-12-15,TSLA,253.5
2023-12-18,TSLA,252.0800018310547
2023-12-19,TSLA,257.2200012207031
2023-12-20,TSLA,247.13999938964844
2023-12-21,TSLA,254.5
2023-12-22,TSLA,252.5399932861328
2023-12-26,TSLA,256.6099853515625
2023-12-27,TSLA,261.44000244140625
2023-12-28,TSLA,253.17999267578125
2023-12-29,TSLA,248.47999572753906
2024-01-02,TSLA,248.4199981689453
2024-01-03,TSLA,238.4499969482422
2024-01-04,TSLA,237.92999267578125
2024-01-05,TSLA,237.49000549316406
2024-01-08,TSLA,240.4499969482422
2024-01-09,TSLA,234.9600067138672
2024-01-10,TSLA,233.94000244140625
2024-01-11,TSLA,227.22000122070312
2024-01-12,TSLA,218.88999938964844
2024-01-16,TSLA,219.91000366210938
2024-01-17,TSLA,215.5500030517578
2024-01-18,TSLA,211.8800048828125
2024-01-19,TSLA,212.19000244140625
2024-01-22,TSLA,208.8000030517578
2024-01-23,TSLA,209.13999938964844
2024-01-24,TSLA,207.8300018310547
2024-01-25,TSLA,182.6300048828125
2024-01-26,TSLA,183.25
2024-01-29,TSLA,190.92999267578125
2024-01-30,TSLA,191.58999633789062
2024-01-31,TSLA,187.2899932861328
2024-02-01,TSLA,188.86000061035156
2024-02-02,TSLA,187.91000366210938
2024-02-05,TSLA,181.05999755859375
2024-02-06,TSLA,185.10000610351562
2024-02-07,TSLA,187.5800018310547
2024-02-08,TSLA,189.55999755859375
2024-02-09,TSLA,193.57000732421875
2024-02-12,TSLA,188.1300048828125
2024-02-13,TSLA,184.02000427246094
2024-02-14,TSLA,188.7100067138672
2024-02-15,TSLA,200.4499969482422
2024-02-16,TSLA,199.9499969482422
2024-02-20,TSLA,193.75999450683594
2024-02-21,TSLA,194.77000427246094
2024-02-22,TSLA,197.41000366210938
2024-02-23,TSLA,191.97000122070312
2024-02-26,TSLA,199.39999389648438
2024-02-27,TSLA,199.72999572753906
2024-02-28,TSLA,202.0399932861328
2024-02-29,TSLA,201.8800048828125
2024-03-01,TSLA,202.63999938964844
2024-03-04,TSLA,188.13999938964844
2024-03-05,TSLA,180.74000549316406
2024-03-06,TSLA,176.5399932861328
2024-03-07,TSLA,178.64999389648438
2024-03-08,TSLA,175.33999633789062
2024-03-11,TSLA,177.77000427246094
2024-03-12,TSLA,177.5399932861328
2024-03-13,TSLA,169.47999572753906
2024-03-14,TSLA,162.5
2024-03-15,TSLA,163.57000732421875
2024-03-18,TSLA,173.8000030517578
2024-03-19,TSLA,171.32000732421875
2024-03-20,TSLA,175.66000366210938
2024-03-21,TSLA,172.82000732421875
2024-03-22,TSLA,170.8300018310547
2024-03-25,TSLA,172.6300048828125
2024-03-26,TSLA,177.6699981689453
2024-03-27,TSLA,179.8300018310547
2024-03-28,TSLA,175.7899932861328
2024-04-01,TSLA,175.22000122070312
2024-04-02,TSLA,166.6300048828125
2024-04-03,TSLA,168.3800048828125
2024-04-04,TSLA,171.11000061035156
2024-04-05,TSLA,164.89999389648438
2024-04-08,TSLA,172.97999572753906
2024-04-09,TSLA,176.8800048828125
2024-04-10,TSLA,171.75999450683594
2024-04-11,TSLA,174.60000610351562
2024-04-12,TSLA,171.0500030517578
2024-04-15,TSLA,161.47999572753906
2024-04-16,TSLA,157.11000061035156
2024-04-17,TSLA,155.4499969482422
2024-04-18,TSLA,149.92999267578125
2024-04-19,TSLA,147.0500030517578
2024-04-22,TSLA,142.0500030517578
2024-04-23,TSLA,144.67999267578125
2024-04-24,TSLA,162.1300048828125
2024-04-25,TSLA,170.17999267578125
2024-04-26,TSLA,168.2899932861328
2024-04-29,TSLA,194.0500030517578
2024-04-30,TSLA,183.27999877929688
2024-05-01,TSLA,179.99000549316406
2024-05-02,TSLA,180.00999450683594
2024-05-03,TSLA,181.19000244140625
2024-05-06,TSLA,184.75999450683594
2024-05-07,TSLA,177.80999755859375
2024-05-08,TSLA,174.72000122070312
2024-05-09,TSLA,171.97000122070312
2024-05-10,TSLA,168.47000122070312
2024-05-13,TSLA,171.88999938964844
2024-05-14,TSLA,177.5500030517578
2024-05-15,TSLA,173.99000549316406
2024-05-16,TSLA,174.83999633789062
2024-05-17,TSLA,177.4600067138672
2024-05-20,TSLA,174.9499969482422
2024-05-21,TSLA,186.60000610351562
2024-05-22,TSLA,180.11000061035156
2024-05-23,TSLA,173.74000549316406
2024-05-24,TSLA,179.24000549316406
2024-05-28,TSLA,176.75
2024-05-29,TSLA,176.19000244140625
2024-05-30,TSLA,178.7899932861328
2024-05-31,TSLA,178.0800018310547
2024-06-03,TSLA,176.2899932861328
2024-06-04,TSLA,174.77000427246094
2024-06-05,TSLA,175.0
2024-06-06,TSLA,177.94000244140625
2024-06-07,TSLA,177.47999572753906
2024-06-10,TSLA,173.7899932861328
2024-06-11,TSLA,170.66000366210938
2024-06-12,TSLA,177.2899932861328
2024-06-13,TSLA,182.47000122070312
2024-06-14,TSLA,178.00999450683594
2024-06-17,TSLA,187.44000244140625
2024-06-18,TSLA,184.86000061035156
2024-06-20,TSLA,181.57000732421875
2024-06-21,TSLA,183.00999450683594
2024-06-24,TSLA,182.5800018310547
2024-06-25,TSLA,187.35000610351562
2024-06-26,TSLA,196.3699951171875
2024-06-27,TSLA,197.4199981689453
2024-06-28,TSLA,197.8800048828125
2024-07-01,TSLA,209.86000061035156
2024-07-02,TSLA,231.25999450683594
2024-07-03,TSLA,246.38999938964844
2024-07-05,TSLA,251.52000427246094
2024-07-08,TSLA,252.94000244140625
2024-07-09,TSLA,262.3299865722656
2024-07-10,TSLA,263.260009765625
2024-07-11,TSLA,241.02999877929688
2024-07-12,TSLA,248.22999572753906
2024-07-15,TSLA,252.63999938964844
2024-07-16,TSLA,256.55999755859375
2024-07-17,TSLA,248.5
2024-07-18,TSLA,249.22999572753906
2024-07-19,TSLA,239.1999969482422
2024-07-22,TSLA,251.50999450683594
2024-07-23,TSLA,246.3800048828125
2024-07-24,TSLA,215.99000549316406
2024-07-25,TSLA,220.25
2024-07-26,TSLA,219.8000030517578
2024-07-29,TSLA,232.10000610351562
2024-07-30,TSLA,222.6199951171875
2024-07-31,TSLA,232.07000732421875
2024-08-01,TSLA,216.86000061035156
2024-08-02,TSLA,207.6699981689453
2024-08-05,TSLA,198.8800048828125
2024-08-06,TSLA,200.63999938964844
2024-08-07,TSLA,191.75999450683594
2024-08-08,TSLA,198.83999633789062
2024-08-09,TSLA,200.0
2024-08-12,TSLA,197.49000549316406
2024-08-13,TSLA,207.8300018310547
2024-08-14,TSLA,201.3800048828125
2024-08-15,TSLA,214.13999938964844
2024-08-16,TSLA,216.1199951171875
2024-08-19,TSLA,222.72000122070312
2024-08-20,TSLA,221.10000610351562
2024-08-21,TSLA,223.27000427246094
2024-08-22,TSLA,210.66000366210938
2024-08-23,TSLA,220.32000732421875
2024-08-26,TSLA,213.2100067138672
2024-08-27,TSLA,209.2100067138672
2024-08-28,TSLA,205.75
2024-08-29,TSLA,206.27999877929688
2024-08-30,TSLA,214.11000061035156
2024-09-03,TSLA,210.60000610351562
2024-09-04,TSLA,219.41000366210938
2024-09-05,TSLA,230.1699981689453
2024-09-06,TSLA,210.72999572753906
2024-09-09,TSLA,216.27000427246094
2024-09-10,TSLA,226.1699981689453
2024-09-11,TSLA,228.1300048828125
2024-09-12,TSLA,229.80999755859375
2024-09-13,TSLA,230.2899932861328
2024-09-16,TSLA,226.77999877929688
2024-09-17,TSLA,227.8699951171875
2024-09-18,TSLA,227.1999969482422
2024-09-19,TSLA,243.9199981689453
2024-09-20,TSLA,238.25
2024-09-23,TSLA,250.0
2024-09-24,TSLA,254.27000427246094
2024-09-25,TSLA,257.0199890136719
2024-09-26,TSLA,254.22000122070312
2024-09-27,TSLA,260.4599914550781
2024-09-30,TSLA,261.6300048828125
2024-10-01,TSLA,258.0199890136719
2024-10-02,TSLA,249.02000427246094
2024-10-03,TSLA,240.66000366210938
2024-10-04,TSLA,250.0800018310547
2024-10-07,TSLA,240.8300018310547
2024-10-08,TSLA,244.5
2024-10-09,TSLA,241.0500030517578
2024-10-10,TSLA,238.77000427246094
2024-10-11,TSLA,217.8000030517578
2024-10-14,TSLA,219.16000366210938
2024-10-15,TSLA,219.57000732421875
2024-10-16,TSLA,221.3300018310547
2024-10-17,TSLA,220.88999938964844
2024-10-18,TSLA,220.6999969482422
2024-10-21,TSLA,218.85000610351562
2024-10-22,TSLA,217.97000122070312
2024-10-23,TSLA,213.64999389648438
2024-10-24,TSLA,260.4800109863281
2024-10-25,TSLA,269.19000244140625
2024-10-28,TSLA,262.510009765625
2024-10-29,TSLA,259.5199890136719
2024-10-30,TSLA,257.54998779296875
2024-10-31,TSLA,249.85000610351562
2024-11-01,TSLA,248.97999572753906
2024-11-04,TSLA,242.83999633789062
2024-11-05,TSLA,251.44000244140625
2024-11-06,TSLA,288.5299987792969
2024-11-07,TSLA,296.9100036621094
2024-11-08,TSLA,321.2200012207031
2024-11-11,TSLA,350.0
2024-11-12,TSLA,328.489990234375
2024-11-13,TSLA,330.239990234375
2024-11-14,TSLA,311.17999267578125
2024-11-15,TSLA,320.7200012207031
2024-11-18,TSLA,338.739990234375
2024-11-19,TSLA,346.0
2024-11-20,TSLA,342.0299987792969
2024-11-21,TSLA,339.6400146484375
2024-11-22,TSLA,352.55999755859375
2024-11-25,TSLA,338.5899963378906
2024-11-26,TSLA,338.2300109863281
2024-11-27,TSLA,332.8900146484375
2024-11-29,TSLA,345.1600036621094
2024-12-02,TSLA,357.0899963378906
2024-12-03,TSLA,351.4200134277344
2024-12-04,TSLA,357.92999267578125
2024-12-05,TSLA,369.489990234375
2024-12-06,TSLA,389.2200012207031
2024-12-09,TSLA,389.7900085449219
2024-12-10,TSLA,400.989990234375
2024-12-11,TSLA,424.7699890136719
2024-12-12,TSLA,418.1000061035156
2024-12-13,TSLA,436.2300109863281
2024-12-16,TSLA,463.0199890136719
2024-12-17,TSLA,479.8599853515625
2024-12-18,TSLA,440.1300048828125
2024-12-19,TSLA,436.1700134277344
2024-12-20,TSLA,421.05999755859375
2024-12-23,TSLA,430.6000061035156
2024-12-24,TSLA,462.2799987792969
2024-12-26,TSLA,454.1300048828125
2024-12-27,TSLA,431.6600036621094
2024-12-30,TSLA,417.4100036621094
2024-12-31,TSLA,403.8399963378906
2025-01-02,TSLA,379.2799987792969
2025-01-03,TSLA,410.44000244140625
2025-01-06,TSLA,411.04998779296875
2025-01-07,TSLA,394.3599853515625
2025-01-08,TSLA,394.94000244140625
2025-01-10,TSLA,394.739990234375
2025-01-13,TSLA,403.30999755859375
2025-01-14,TSLA,396.3599853515625
2025-01-15,TSLA,428.2200012207031
2025-01-16,TSLA,413.82000732421875
2025-01-17,TSLA,426.5
2025-01-21,TSLA,424.07000732421875
2025-01-22,TSLA,415.1099853515625
2025-01-23,TSLA,412.3800048828125
2025-01-24,TSLA,406.5799865722656
2025-01-27,TSLA,397.1499938964844
2025-01-28,TSLA,398.0899963378906
2025-01-29,TSLA,389.1000061035156
2025-01-30,TSLA,400.2799987792969
2025-01-31,TSLA,404.6000061035156
2025-02-03,TSLA,383.67999267578125
2025-02-04,TSLA,392.2099914550781
2025-02-05,TSLA,378.1700134277344
2025-02-06,TSLA,374.32000732421875
2025-02-07,TSLA,361.6199951171875
2025-02-10,TSLA,350.7300109863281
2025-02-11,TSLA,328.5
2025-02-12,TSLA,336.510009765625
2025-02-13,TSLA,355.94000244140625
2025-02-14,TSLA,355.8399963378906
2025-02-18,TSLA,354.1099853515625
2025-02-19,TSLA,360.55999755859375
2025-02-20,TSLA,354.3999938964844
2025-02-21,TSLA,337.79998779296875
2025-02-24,TSLA,330.5299987792969
2025-02-25,TSLA,302.79998779296875
2025-02-26,TSLA,290.79998779296875
2025-02-27,TSLA,281.95001220703125
2025-02-28,TSLA,292.9800109863281
2025-03-03,TSLA,284.6499938964844
2025-03-04,TSLA,272.0400085449219
2025-03-05,TSLA,279.1000061035156
2025-03-06,TSLA,263.45001220703125
2025-03-07,TSLA,262.6700134277344
2025-03-10,TSLA,222.14999389648438
2025-03-11,TSLA,230.5800018310547
2025-03-12,TSLA,248.08999633789062
2025-03-13,TSLA,240.67999267578125
2025-03-14,TSLA,249.97999572753906
2025-03-17,TSLA,238.00999450683594
2025-03-18,TSLA,225.30999755859375
2025-03-19,TSLA,235.86000061035156
2025-03-20,TSLA,236.25999450683594
2025-03-21,TSLA,248.7100067138672
2025-03-24,TSLA,278.3900146484375
2025-03-25,TSLA,288.1400146484375
2025-03-26,TSLA,272.05999755859375
2025-03-27,TSLA,273.1300048828125
2025-03-28,TSLA,263.54998779296875
2025-03-31,TSLA,259.1600036621094
2025-04-01,TSLA,268.4599914550781
2025-04-02,TSLA,282.760009765625
2025-04-03,TSLA,267.2799987792969
2025-04-04,TSLA,239.42999267578125
2025-04-07,TSLA,233.2899932861328
2025-04-08,TSLA,221.86000061035156
2025-04-09,TSLA,272.20001220703125
2025-04-10,TSLA,252.39999389648438
2025-04-11,TSLA,252.30999755859375
2025-04-14,TSLA,252.35000610351562
2025-04-15,TSLA,254.11000061035156
2025-04-16,TSLA,241.5500030517578
2025-04-17,TSLA,241.3699951171875
2025-04-21,TSLA,227.5
2025-04-22,TSLA,237.97000122070312
2025-04-23,TSLA,250.74000549316406
2025-04-24,TSLA,259.510009765625
2025-04-25,TSLA,284.95001220703125
2025-04-28,TSLA,285.8800048828125
2025-04-29,TSLA,292.0299987792969
2025-04-30,TSLA,282.1600036621094
2025-05-01,TSLA,280.5199890136719
2025-05-02,TSLA,287.2099914550781
2025-05-05,TSLA,280.260009765625
2025-05-06,TSLA,275.3500061035156
2025-05-07,TSLA,276.2200012207031
2025-05-08,TSLA,284.82000732421875
2025-05-09,TSLA,298.260009765625
2025-05-12,TSLA,318.3800048828125
2025-05-13,TSLA,334.07000732421875
2025-05-14,TSLA,347.67999267578125
2025-05-15,TSLA,342.82000732421875
2025-05-16,TSLA,349.9800109863281
2025-05-19,TSLA,342.0899963378906
2025-05-20,TSLA,343.82000732421875
2025-05-21,TSLA,334.6199951171875
2025-05-22,TSLA,341.0400085449219
2025-05-23,TSLA,339.3399963378906
2025-05-27,TSLA,362.8900146484375
2025-05-28,TSLA,356.8999938964844
2025-05-29,TSLA,358.42999267578125
2025-05-30,TSLA,346.4599914550781
2025-06-02,TSLA,342.69000244140625
2025-06-03,TSLA,344.2699890136719
2025-06-04,TSLA,332.04998779296875
2025-06-05,TSLA,284.70001220703125
2025-06-06,TSLA,295.1400146484375
2025-06-09,TSLA,308.5799865722656
2025-06-10,TSLA,326.0899963378906
2025-06-11,TSLA,326.42999267578125
2025-06-12,TSLA,319.1099853515625
2025-06-13,TSLA,325.30999755859375
2025-06-16,TSLA,329.1300048828125
2025-06-17,TSLA,316.3500061035156
2025-06-18,TSLA,322.04998779296875
2025-06-20,TSLA,322.1600036621094
2025-06-23,TSLA,348.67999267578125
2025-06-24,TSLA,340.4700012207031
2025-06-25,TSLA,327.54998779296875
2025-06-26,TSLA,325.7799987792969
2025-06-27,TSLA,323.6300048828125
2025-06-30,TSLA,317.6600036621094
2025-07-01,TSLA,300.7099914550781
2025-07-02,TSLA,315.6499938964844
2025-07-03,TSLA,315.3500061035156
2025-07-07,TSLA,293.94000244140625
2025-07-08,TSLA,297.80999755859375
2025-07-09,TSLA,295.8800048828125
2025-07-10,TSLA,309.8699951171875
2025-07-11,TSLA,313.510009765625
2025-07-14,TSLA,316.8999938964844
2025-07-15,TSLA,310.7799987792969
2025-07-16,TSLA,321.6700134277344
2025-07-17,TSLA,319.4100036621094
2025-07-18,TSLA,329.6499938964844
2025-07-21,TSLA,328.489990234375
2025-07-22,TSLA,332.1099853515625
2025-07-23,TSLA,332.55999755859375
2025-07-24,TSLA,305.29998779296875
2025-07-25,TSLA,316.05999755859375
2025-07-28,TSLA,325.5899963378906
2025-07-29,TSLA,321.20001220703125
2025-07-30,TSLA,319.0400085449219
2025-07-31,TSLA,308.2699890136719
2025-08-01,TSLA,302.6300048828125
2025-08-04,TSLA,309.260009765625
2025-08-05,TSLA,308.7200012207031
2025-08-06,TSLA,319.9100036621094
2025-08-07,TSLA,322.2699890136719
2025-08-08,TSLA,329.6499938964844
2025-08-11,TSLA,339.0299987792969
2025-08-12,TSLA,340.8399963378906
2025-08-13,TSLA,339.3800048828125
2025-08-14,TSLA,335.5799865722656
2025-08-15,TSLA,330.55999755859375
2025-08-18,TSLA,335.1600036621094
2025-08-19,TSLA,329.30999755859375
2025-08-20,TSLA,323.8999938964844
2025-08-21,TSLA,320.1099853515625
2025-08-22,TSLA,340.010009765625
2025-08-25,TSLA,346.6000061035156
2025-08-26,TSLA,351.6700134277344
2025-08-27,TSLA,349.6000061035156
2025-08-28,TSLA,345.9800109863281
2025-08-29,TSLA,333.8699951171875
2025-09-02,TSLA,329.3599853515625
2025-09-03,TSLA,334.0899963378906
2025-09-04,TSLA,338.5299987792969
2025-09-05,TSLA,350.8399963378906
2025-09-08,TSLA,346.3999938964844
2025-09-09,TSLA,346.9700012207031
2025-09-10,TSLA,347.7900085449219
2025-09-11,TSLA,368.80999755859375
2025-09-12,TSLA,395.94000244140625
